video,path,label,duration,calf,station,before,from,nfaces
clip_1_6791_2_2022-02-18 18:54:29_Diarrhé.mp4,/data/konrad/datasets/videos/train/Diarrhé/clip_1_6791_2_2022-02-18 18:54:29_Diarrhé.mp4,Diarrhé,5.0,6791,2,2022-02-18 18:54:29,/data/public/heureux_2022-02-16_2022-04-16/2022-02-16-2022-02-21/N862A6_ch2_main_20220218180001_20220218190001.mp4,1
clip_2_6791_2_2022-02-18 11:38:32_Diarrhé.mp4,/data/konrad/datasets/videos/train/Diarrhé/clip_2_6791_2_2022-02-18 11:38:32_Diarrhé.mp4,Diarrhé,5.0,6791,2,2022-02-18 11:38:32,/data/public/heureux_2022-02-16_2022-04-16/2022-02-16-2022-02-21/N862A6_ch2_main_20220218110001_20220218114056.mp4,2
clip_4_6791_2_2022-02-18 09:08:54_Diarrhé.mp4,/data/konrad/datasets/videos/train/Diarrhé/clip_4_6791_2_2022-02-18 09:08:54_Diarrhé.mp4,Diarrhé,5.0,6791,2,2022-02-18 09:08:54,/data/public/heureux_2022-02-16_2022-04-16/2022-02-16-2022-02-21/N862A6_ch2_main_20220218090001_20220218100001.mp4,4
clip_9_6768_2_2022-02-18 18:48:57_Diarrhé.mp4,/data/konrad/datasets/videos/train/Diarrhé/clip_9_6768_2_2022-02-18 18:48:57_Diarrhé.mp4,Diarrhé,5.0,6768,2,2022-02-18 18:48:57,/data/public/heureux_2022-02-16_2022-04-16/2022-02-16-2022-02-21/N862A6_ch2_main_20220218180001_20220218190001.mp4,6
clip_12_6768_2_2022-02-18 10:57:37_Diarrhé.mp4,/data/konrad/datasets/videos/train/Diarrhé/clip_12_6768_2_2022-02-18 10:57:37_Diarrhé.mp4,Diarrhé,5.0,6768,2,2022-02-18 10:57:37,/data/public/heureux_2022-02-16_2022-04-16/2022-02-16-2022-02-21/N862A6_ch2_main_20220218100001_20220218110001.mp4,4
clip_13_6768_2_2022-02-18 09:45:40_Diarrhé.mp4,/data/konrad/datasets/videos/train/Diarrhé/clip_13_6768_2_2022-02-18 09:45:40_Diarrhé.mp4,Diarrhé,5.0,6768,2,2022-02-18 09:45:40,/data/public/heureux_2022-02-16_2022-04-16/2022-02-16-2022-02-21/N862A6_ch2_main_20220218090001_20220218100001.mp4,1
clip_15_6768_2_2022-02-18 06:14:05_Diarrhé.mp4,/data/konrad/datasets/videos/train/Diarrhé/clip_15_6768_2_2022-02-18 06:14:05_Diarrhé.mp4,Diarrhé,5.0,6768,2,2022-02-18 06:14:05,/data/public/heureux_2022-02-16_2022-04-16/2022-02-16-2022-02-21/N862A6_ch2_main_20220218060000_20220218070001.mp4,6
clip_26_6794_2_2022-02-18 09:51:36_Unknown.mp4,/data/konrad/datasets/videos/train/Unknown/clip_26_6794_2_2022-02-18 09:51:36_Unknown.mp4,Unknown,5.0,6794,2,2022-02-18 09:51:36,/data/public/heureux_2022-02-16_2022-04-16/2022-02-16-2022-02-21/N862A6_ch2_main_20220218090001_20220218100001.mp4,7
"clip_32_6724_10_2022-02-18 21:26:06_Diarrhé, Pneumonie.mp4","/data/konrad/datasets/videos/train/Diarrhé, Pneumonie/clip_32_6724_10_2022-02-18 21:26:06_Diarrhé, Pneumonie.mp4","Diarrhé, Pneumonie",5.0,6724,10,2022-02-18 21:26:06,/data/public/heureux_2022-02-16_2022-04-16/2022-02-16-2022-02-21/N862A6_ch10_main_20220218210009_20220218220000.mp4,8
"clip_43_6780_2_2022-02-18 17:27:20_Diarrhé, Pneumonie.mp4","/data/konrad/datasets/videos/train/Diarrhé, Pneumonie/clip_43_6780_2_2022-02-18 17:27:20_Diarrhé, Pneumonie.mp4","Diarrhé, Pneumonie",5.0,6780,2,2022-02-18 17:27:20,/data/public/heureux_2022-02-16_2022-04-16/2022-02-16-2022-02-21/N862A6_ch2_main_20220218170001_20220218180001.mp4,1
clip_51_6787_2_2022-02-18 07:42:16_Diarrhé.mp4,/data/konrad/datasets/videos/train/Diarrhé/clip_51_6787_2_2022-02-18 07:42:16_Diarrhé.mp4,Diarrhé,5.0,6787,2,2022-02-18 07:42:16,/data/public/heureux_2022-02-16_2022-04-16/2022-02-16-2022-02-21/N862A6_ch2_main_20220218070001_20220218080001.mp4,5
clip_59_6403_2_2022-02-18 19:14:28_Unknown.mp4,/data/konrad/datasets/videos/train/Unknown/clip_59_6403_2_2022-02-18 19:14:28_Unknown.mp4,Unknown,5.0,6403,2,2022-02-18 19:14:28,/data/public/heureux_2022-02-16_2022-04-16/2022-02-16-2022-02-21/N862A6_ch2_main_20220218190001_20220218200001.mp4,2
clip_77_6391_2_2022-02-18 15:51:51_Diarrhé.mp4,/data/konrad/datasets/videos/train/Diarrhé/clip_77_6391_2_2022-02-18 15:51:51_Diarrhé.mp4,Diarrhé,5.0,6391,2,2022-02-18 15:51:51,/data/public/heureux_2022-02-16_2022-04-16/2022-02-16-2022-02-21/N862A6_ch2_main_20220218150001_20220218160001.mp4,1
clip_78_6391_2_2022-02-18 14:45:59_Diarrhé.mp4,/data/konrad/datasets/videos/train/Diarrhé/clip_78_6391_2_2022-02-18 14:45:59_Diarrhé.mp4,Diarrhé,5.0,6391,2,2022-02-18 14:45:59,/data/public/heureux_2022-02-16_2022-04-16/2022-02-16-2022-02-21/N862A6_ch2_main_20220218140001_20220218150001.mp4,1
"clip_81_6388_10_2022-02-18 08:42:12_Diarrhé, Pneumonie.mp4","/data/konrad/datasets/videos/train/Diarrhé, Pneumonie/clip_81_6388_10_2022-02-18 08:42:12_Diarrhé, Pneumonie.mp4","Diarrhé, Pneumonie",5.0,6388,10,2022-02-18 08:42:12,/data/public/heureux_2022-02-16_2022-04-16/2022-02-16-2022-02-21/N862A6_ch10_main_20220218080009_20220218090009.mp4,1
clip_83_6771_2_2022-02-18 15:17:36_Diarrhé.mp4,/data/konrad/datasets/videos/train/Diarrhé/clip_83_6771_2_2022-02-18 15:17:36_Diarrhé.mp4,Diarrhé,5.0,6771,2,2022-02-18 15:17:36,/data/public/heureux_2022-02-16_2022-04-16/2022-02-16-2022-02-21/N862A6_ch2_main_20220218150001_20220218160001.mp4,1
clip_84_6771_2_2022-02-18 20:37:20_Diarrhé.mp4,/data/konrad/datasets/videos/train/Diarrhé/clip_84_6771_2_2022-02-18 20:37:20_Diarrhé.mp4,Diarrhé,5.0,6771,2,2022-02-18 20:37:20,/data/public/heureux_2022-02-16_2022-04-16/2022-02-16-2022-02-21/N862A6_ch2_main_20220218200001_20220218210001.mp4,2
clip_86_6778_2_2022-02-18 20:51:10_Diarrhé.mp4,/data/konrad/datasets/videos/train/Diarrhé/clip_86_6778_2_2022-02-18 20:51:10_Diarrhé.mp4,Diarrhé,5.0,6778,2,2022-02-18 20:51:10,/data/public/heureux_2022-02-16_2022-04-16/2022-02-16-2022-02-21/N862A6_ch2_main_20220218200001_20220218210001.mp4,1
"clip_104_6783_2_2022-02-18 12:07:45_Diarrhé, Pneumonie.mp4","/data/konrad/datasets/videos/train/Diarrhé, Pneumonie/clip_104_6783_2_2022-02-18 12:07:45_Diarrhé, Pneumonie.mp4","Diarrhé, Pneumonie",5.0,6783,2,2022-02-18 12:07:45,/data/public/heureux_2022-02-16_2022-04-16/2022-02-16-2022-02-21/N862A6_ch2_main_20220218114058_20220218130001.mp4,1
"clip_106_6783_2_2022-02-18 21:10:33_Diarrhé, Pneumonie.mp4","/data/konrad/datasets/videos/train/Diarrhé, Pneumonie/clip_106_6783_2_2022-02-18 21:10:33_Diarrhé, Pneumonie.mp4","Diarrhé, Pneumonie",5.0,6783,2,2022-02-18 21:10:33,/data/public/heureux_2022-02-16_2022-04-16/2022-02-16-2022-02-21/N862A6_ch2_main_20220218210001_20220218220000.mp4,4
clip_116_6773_2_2022-02-17 21:56:54_Healthy.mp4,/data/konrad/datasets/videos/train/Healthy/clip_116_6773_2_2022-02-17 21:56:54_Healthy.mp4,Healthy,5.0,6773,2,2022-02-17 21:56:54,/data/public/heureux_2022-02-16_2022-04-16/2022-02-16-2022-02-21/N862A6_ch2_main_20220217210001_20220217220000.mp4,1
clip_117_6773_2_2022-02-17 15:44:14_Healthy.mp4,/data/konrad/datasets/videos/train/Healthy/clip_117_6773_2_2022-02-17 15:44:14_Healthy.mp4,Healthy,5.0,6773,2,2022-02-17 15:44:14,/data/public/heureux_2022-02-16_2022-04-16/2022-02-16-2022-02-21/N862A6_ch2_main_20220217150001_20220217160001.mp4,3
clip_133_6761_10_2022-02-17 10:24:20_Pneumonie.mp4,/data/konrad/datasets/videos/train/Pneumonie/clip_133_6761_10_2022-02-17 10:24:20_Pneumonie.mp4,Pneumonie,5.0,6761,10,2022-02-17 10:24:20,/data/public/heureux_2022-02-16_2022-04-16/2022-02-16-2022-02-21/N862A6_ch10_main_20220217100009_20220217110009.mp4,1
clip_138_6771_2_2022-02-17 09:22:53_Healthy.mp4,/data/konrad/datasets/videos/train/Healthy/clip_138_6771_2_2022-02-17 09:22:53_Healthy.mp4,Healthy,5.0,6771,2,2022-02-17 09:22:53,/data/public/heureux_2022-02-16_2022-04-16/2022-02-16-2022-02-21/N862A6_ch2_main_20220217090001_20220217100001.mp4,1
clip_191_6403_2_2022-02-17 08:52:45_Healthy.mp4,/data/konrad/datasets/videos/train/Healthy/clip_191_6403_2_2022-02-17 08:52:45_Healthy.mp4,Healthy,5.0,6403,2,2022-02-17 08:52:45,/data/public/heureux_2022-02-16_2022-04-16/2022-02-16-2022-02-21/N862A6_ch2_main_20220217080001_20220217090001.mp4,12
"clip_201_6791_2_2022-02-17 19:50:34_Diarrhé, Pneumonie.mp4","/data/konrad/datasets/videos/train/Diarrhé, Pneumonie/clip_201_6791_2_2022-02-17 19:50:34_Diarrhé, Pneumonie.mp4","Diarrhé, Pneumonie",5.0,6791,2,2022-02-17 19:50:34,/data/public/heureux_2022-02-16_2022-04-16/2022-02-16-2022-02-21/N862A6_ch2_main_20220217190001_20220217200001.mp4,2
"clip_203_6791_2_2022-02-17 18:02:17_Diarrhé, Pneumonie.mp4","/data/konrad/datasets/videos/train/Diarrhé, Pneumonie/clip_203_6791_2_2022-02-17 18:02:17_Diarrhé, Pneumonie.mp4","Diarrhé, Pneumonie",5.0,6791,2,2022-02-17 18:02:17,/data/public/heureux_2022-02-16_2022-04-16/2022-02-16-2022-02-21/N862A6_ch2_main_20220217180001_20220217190001.mp4,1
clip_214_6774_2_2022-02-17 13:11:39_Healthy.mp4,/data/konrad/datasets/videos/train/Healthy/clip_214_6774_2_2022-02-17 13:11:39_Healthy.mp4,Healthy,5.0,6774,2,2022-02-17 13:11:39,/data/public/heureux_2022-02-16_2022-04-16/2022-02-16-2022-02-21/N862A6_ch2_main_20220217130001_20220217140001.mp4,3
clip_225_6787_2_2022-02-17 10:18:30_Pneumonie.mp4,/data/konrad/datasets/videos/train/Pneumonie/clip_225_6787_2_2022-02-17 10:18:30_Pneumonie.mp4,Pneumonie,5.0,6787,2,2022-02-17 10:18:30,/data/public/heureux_2022-02-16_2022-04-16/2022-02-16-2022-02-21/N862A6_ch2_main_20220217100001_20220217110001.mp4,1
clip_248_6746_10_2022-02-16 21:21:15_Unknown.mp4,/data/konrad/datasets/videos/train/Unknown/clip_248_6746_10_2022-02-16 21:21:15_Unknown.mp4,Unknown,5.0,6746,10,2022-02-16 21:21:15,/data/public/heureux_2022-02-16_2022-04-16/2022-02-16-2022-02-21/N862A6_ch10_main_20220216210009_20220216220000.mp4,1
clip_262_6393_10_2022-02-16 21:01:41_Diarrhé.mp4,/data/konrad/datasets/videos/train/Diarrhé/clip_262_6393_10_2022-02-16 21:01:41_Diarrhé.mp4,Diarrhé,5.0,6393,10,2022-02-16 21:01:41,/data/public/heureux_2022-02-16_2022-04-16/2022-02-16-2022-02-21/N862A6_ch10_main_20220216210009_20220216220000.mp4,3
clip_276_6375_10_2022-02-16 13:53:05_Pneumonie.mp4,/data/konrad/datasets/videos/train/Pneumonie/clip_276_6375_10_2022-02-16 13:53:05_Pneumonie.mp4,Pneumonie,5.0,6375,10,2022-02-16 13:53:05,/data/public/heureux_2022-02-16_2022-04-16/2022-02-16-2022-02-21/N862A6_ch10_main_20220216130009_20220216140009.mp4,1
clip_282_6370_10_2022-02-16 14:29:38_Diarrhé.mp4,/data/konrad/datasets/videos/train/Diarrhé/clip_282_6370_10_2022-02-16 14:29:38_Diarrhé.mp4,Diarrhé,5.0,6370,10,2022-02-16 14:29:38,/data/public/heureux_2022-02-16_2022-04-16/2022-02-16-2022-02-21/N862A6_ch10_main_20220216140009_20220216150009.mp4,2
clip_307_6391_2_2022-02-16 16:40:57_Diarrhé.mp4,/data/konrad/datasets/videos/train/Diarrhé/clip_307_6391_2_2022-02-16 16:40:57_Diarrhé.mp4,Diarrhé,5.0,6391,2,2022-02-16 16:40:57,/data/public/heureux_2022-02-16_2022-04-16/2022-02-16-2022-02-21/N862A6_ch2_main_20220216160001_20220216170001.mp4,1
clip_325_6773_2_2022-02-25 15:40:00_Unknown.mp4,/data/konrad/datasets/videos/train/Unknown/clip_325_6773_2_2022-02-25 15:40:00_Unknown.mp4,Unknown,5.0,6773,2,2022-02-25 15:40:00,/data/public/heureux_2022-02-16_2022-04-16/2022-02-22-2022-02-27/N862A6_ch2_main_20220225150001_20220225160001.mp4,1
clip_327_6773_2_2022-02-25 20:56:10_Unknown.mp4,/data/konrad/datasets/videos/train/Unknown/clip_327_6773_2_2022-02-25 20:56:10_Unknown.mp4,Unknown,5.0,6773,2,2022-02-25 20:56:10,/data/public/heureux_2022-02-16_2022-04-16/2022-02-22-2022-02-27/N862A6_ch2_main_20220225200001_20220225210001.mp4,5
clip_331_6791_2_2022-02-25 18:07:24_Diarrhé.mp4,/data/konrad/datasets/videos/train/Diarrhé/clip_331_6791_2_2022-02-25 18:07:24_Diarrhé.mp4,Diarrhé,5.0,6791,2,2022-02-25 18:07:24,/data/public/heureux_2022-02-16_2022-04-16/2022-02-22-2022-02-27/N862A6_ch2_main_20220225180001_20220225190001.mp4,4
clip_332_6791_2_2022-02-25 13:20:55_Diarrhé.mp4,/data/konrad/datasets/videos/train/Diarrhé/clip_332_6791_2_2022-02-25 13:20:55_Diarrhé.mp4,Diarrhé,5.0,6791,2,2022-02-25 13:20:55,/data/public/heureux_2022-02-16_2022-04-16/2022-02-22-2022-02-27/N862A6_ch2_main_20220225130001_20220225140001.mp4,1
clip_333_6791_2_2022-02-25 09:18:24_Diarrhé.mp4,/data/konrad/datasets/videos/train/Diarrhé/clip_333_6791_2_2022-02-25 09:18:24_Diarrhé.mp4,Diarrhé,5.0,6791,2,2022-02-25 09:18:24,/data/public/heureux_2022-02-16_2022-04-16/2022-02-22-2022-02-27/N862A6_ch2_main_20220225090001_20220225100001.mp4,6
clip_334_6791_2_2022-02-25 07:00:26_Diarrhé.mp4,/data/konrad/datasets/videos/train/Diarrhé/clip_334_6791_2_2022-02-25 07:00:26_Diarrhé.mp4,Diarrhé,5.0,6791,2,2022-02-25 07:00:26,/data/public/heureux_2022-02-16_2022-04-16/2022-02-22-2022-02-27/N862A6_ch2_main_20220225070001_20220225080001.mp4,6
clip_341_6403_2_2022-02-25 18:13:57_Unknown.mp4,/data/konrad/datasets/videos/train/Unknown/clip_341_6403_2_2022-02-25 18:13:57_Unknown.mp4,Unknown,5.0,6403,2,2022-02-25 18:13:57,/data/public/heureux_2022-02-16_2022-04-16/2022-02-22-2022-02-27/N862A6_ch2_main_20220225180001_20220225190001.mp4,1
"clip_359_6797_1_2022-02-25 17:34:19_Diarrhé, Pneumonie.mp4","/data/konrad/datasets/videos/train/Diarrhé, Pneumonie/clip_359_6797_1_2022-02-25 17:34:19_Diarrhé, Pneumonie.mp4","Diarrhé, Pneumonie",5.0,6797,1,2022-02-25 17:34:19,/data/public/heureux_2022-02-16_2022-04-16/2022-02-22-2022-02-27/N862A6_ch1_main_20220225170000_20220225180000.mp4,1
clip_367_6783_2_2022-02-25 21:55:31_Diarrhé.mp4,/data/konrad/datasets/videos/train/Diarrhé/clip_367_6783_2_2022-02-25 21:55:31_Diarrhé.mp4,Diarrhé,5.0,6783,2,2022-02-25 21:55:31,/data/public/heureux_2022-02-16_2022-04-16/2022-02-22-2022-02-27/N862A6_ch2_main_20220225210001_20220225220000.mp4,4
clip_370_6771_2_2022-02-25 17:03:21_Pneumonie.mp4,/data/konrad/datasets/videos/train/Pneumonie/clip_370_6771_2_2022-02-25 17:03:21_Pneumonie.mp4,Pneumonie,5.0,6771,2,2022-02-25 17:03:21,/data/public/heureux_2022-02-16_2022-04-16/2022-02-22-2022-02-27/N862A6_ch2_main_20220225170001_20220225180001.mp4,1
clip_374_6796_1_2022-02-25 08:23:25_Diarrhé.mp4,/data/konrad/datasets/videos/train/Diarrhé/clip_374_6796_1_2022-02-25 08:23:25_Diarrhé.mp4,Diarrhé,5.0,6796,1,2022-02-25 08:23:25,/data/public/heureux_2022-02-16_2022-04-16/2022-02-22-2022-02-27/N862A6_ch1_main_20220225080000_20220225090000.mp4,1
"clip_378_6794_2_2022-02-25 11:38:39_Diarrhé, Pneumonie.mp4","/data/konrad/datasets/videos/train/Diarrhé, Pneumonie/clip_378_6794_2_2022-02-25 11:38:39_Diarrhé, Pneumonie.mp4","Diarrhé, Pneumonie",5.0,6794,2,2022-02-25 11:38:39,/data/public/heureux_2022-02-16_2022-04-16/2022-02-22-2022-02-27/N862A6_ch2_main_20220225110001_20220225120001.mp4,1
"clip_379_6794_2_2022-02-25 11:15:59_Diarrhé, Pneumonie.mp4","/data/konrad/datasets/videos/train/Diarrhé, Pneumonie/clip_379_6794_2_2022-02-25 11:15:59_Diarrhé, Pneumonie.mp4","Diarrhé, Pneumonie",5.0,6794,2,2022-02-25 11:15:59,/data/public/heureux_2022-02-16_2022-04-16/2022-02-22-2022-02-27/N862A6_ch2_main_20220225110001_20220225120001.mp4,1
"clip_380_6794_2_2022-02-25 11:04:46_Diarrhé, Pneumonie.mp4","/data/konrad/datasets/videos/train/Diarrhé, Pneumonie/clip_380_6794_2_2022-02-25 11:04:46_Diarrhé, Pneumonie.mp4","Diarrhé, Pneumonie",5.0,6794,2,2022-02-25 11:04:46,/data/public/heureux_2022-02-16_2022-04-16/2022-02-22-2022-02-27/N862A6_ch2_main_20220225110001_20220225120001.mp4,2
clip_402_6382_10_2022-02-25 14:55:45_Diarrhé.mp4,/data/konrad/datasets/videos/train/Diarrhé/clip_402_6382_10_2022-02-25 14:55:45_Diarrhé.mp4,Diarrhé,5.0,6382,10,2022-02-25 14:55:45,/data/public/heureux_2022-02-16_2022-04-16/2022-02-22-2022-02-27/N862A6_ch10_main_20220225140009_20220225150009.mp4,5
clip_404_6382_10_2022-02-25 19:07:20_Diarrhé.mp4,/data/konrad/datasets/videos/train/Diarrhé/clip_404_6382_10_2022-02-25 19:07:20_Diarrhé.mp4,Diarrhé,5.0,6382,10,2022-02-25 19:07:20,/data/public/heureux_2022-02-16_2022-04-16/2022-02-22-2022-02-27/N862A6_ch10_main_20220225190009_20220225200009.mp4,2
clip_408_6412_1_2022-02-25 08:48:45_Diarrhé.mp4,/data/konrad/datasets/videos/train/Diarrhé/clip_408_6412_1_2022-02-25 08:48:45_Diarrhé.mp4,Diarrhé,5.0,6412,1,2022-02-25 08:48:45,/data/public/heureux_2022-02-16_2022-04-16/2022-02-22-2022-02-27/N862A6_ch1_main_20220225080000_20220225090000.mp4,1
clip_410_6412_1_2022-02-25 21:43:53_Diarrhé.mp4,/data/konrad/datasets/videos/train/Diarrhé/clip_410_6412_1_2022-02-25 21:43:53_Diarrhé.mp4,Diarrhé,5.0,6412,1,2022-02-25 21:43:53,/data/public/heureux_2022-02-16_2022-04-16/2022-02-22-2022-02-27/N862A6_ch1_main_20220225210000_20220225220000.mp4,2
clip_412_6412_1_2022-02-25 21:23:39_Diarrhé.mp4,/data/konrad/datasets/videos/train/Diarrhé/clip_412_6412_1_2022-02-25 21:23:39_Diarrhé.mp4,Diarrhé,5.0,6412,1,2022-02-25 21:23:39,/data/public/heureux_2022-02-16_2022-04-16/2022-02-22-2022-02-27/N862A6_ch1_main_20220225210000_20220225220000.mp4,1
clip_421_6799_1_2022-02-25 12:40:20_Diarrhé.mp4,/data/konrad/datasets/videos/train/Diarrhé/clip_421_6799_1_2022-02-25 12:40:20_Diarrhé.mp4,Diarrhé,5.0,6799,1,2022-02-25 12:40:20,/data/public/heureux_2022-02-16_2022-04-16/2022-02-22-2022-02-27/N862A6_ch1_main_20220225120000_20220225130000.mp4,5
clip_423_6371_10_2022-02-25 21:28:52_Healthy.mp4,/data/konrad/datasets/videos/train/Healthy/clip_423_6371_10_2022-02-25 21:28:52_Healthy.mp4,Healthy,5.0,6371,10,2022-02-25 21:28:52,/data/public/heureux_2022-02-16_2022-04-16/2022-02-22-2022-02-27/N862A6_ch10_main_20220225210009_20220225220000.mp4,2
clip_436_6780_2_2022-02-24 20:38:50_Diarrhé.mp4,/data/konrad/datasets/videos/train/Diarrhé/clip_436_6780_2_2022-02-24 20:38:50_Diarrhé.mp4,Diarrhé,5.0,6780,2,2022-02-24 20:38:50,/data/public/heureux_2022-02-16_2022-04-16/2022-02-22-2022-02-27/N862A6_ch2_main_20220224200001_20220224210001.mp4,1
clip_455_6412_1_2022-02-24 12:38:46_Diarrhé.mp4,/data/konrad/datasets/videos/train/Diarrhé/clip_455_6412_1_2022-02-24 12:38:46_Diarrhé.mp4,Diarrhé,5.0,6412,1,2022-02-24 12:38:46,/data/public/heureux_2022-02-16_2022-04-16/2022-02-22-2022-02-27/N862A6_ch1_main_20220224114104_20220224130000.mp4,1
clip_459_6403_2_2022-02-24 21:12:27_Unknown.mp4,/data/konrad/datasets/videos/train/Unknown/clip_459_6403_2_2022-02-24 21:12:27_Unknown.mp4,Unknown,5.0,6403,2,2022-02-24 21:12:27,/data/public/heureux_2022-02-16_2022-04-16/2022-02-22-2022-02-27/N862A6_ch2_main_20220224210001_20220224220000.mp4,1
clip_461_6403_2_2022-02-24 17:18:29_Unknown.mp4,/data/konrad/datasets/videos/train/Unknown/clip_461_6403_2_2022-02-24 17:18:29_Unknown.mp4,Unknown,5.0,6403,2,2022-02-24 17:18:29,/data/public/heureux_2022-02-16_2022-04-16/2022-02-22-2022-02-27/N862A6_ch2_main_20220224170001_20220224180001.mp4,4
clip_471_6768_2_2022-02-24 07:54:00_Pneumonie.mp4,/data/konrad/datasets/videos/train/Pneumonie/clip_471_6768_2_2022-02-24 07:54:00_Pneumonie.mp4,Pneumonie,5.0,6768,2,2022-02-24 07:54:00,/data/public/heureux_2022-02-16_2022-04-16/2022-02-22-2022-02-27/N862A6_ch2_main_20220224070001_20220224080001.mp4,2
"clip_476_6778_2_2022-02-24 18:14:07_Diarrhé, Pneumonie.mp4","/data/konrad/datasets/videos/train/Diarrhé, Pneumonie/clip_476_6778_2_2022-02-24 18:14:07_Diarrhé, Pneumonie.mp4","Diarrhé, Pneumonie",5.0,6778,2,2022-02-24 18:14:07,/data/public/heureux_2022-02-16_2022-04-16/2022-02-22-2022-02-27/N862A6_ch2_main_20220224180001_20220224190001.mp4,2
clip_481_6773_2_2022-02-24 15:02:29_Healthy.mp4,/data/konrad/datasets/videos/train/Healthy/clip_481_6773_2_2022-02-24 15:02:29_Healthy.mp4,Healthy,5.0,6773,2,2022-02-24 15:02:29,/data/public/heureux_2022-02-16_2022-04-16/2022-02-22-2022-02-27/N862A6_ch2_main_20220224150001_20220224160001.mp4,3
clip_484_6773_2_2022-02-24 13:27:27_Healthy.mp4,/data/konrad/datasets/videos/train/Healthy/clip_484_6773_2_2022-02-24 13:27:27_Healthy.mp4,Healthy,5.0,6773,2,2022-02-24 13:27:27,/data/public/heureux_2022-02-16_2022-04-16/2022-02-22-2022-02-27/N862A6_ch2_main_20220224130001_20220224140001.mp4,14
clip_487_6371_10_2022-02-24 09:06:32_Pneumonie.mp4,/data/konrad/datasets/videos/train/Pneumonie/clip_487_6371_10_2022-02-24 09:06:32_Pneumonie.mp4,Pneumonie,5.0,6371,10,2022-02-24 09:06:32,/data/public/heureux_2022-02-16_2022-04-16/2022-02-22-2022-02-27/N862A6_ch10_main_20220224090009_20220224100009.mp4,1
clip_505_6764_10_2022-02-24 13:36:54_Pneumonie.mp4,/data/konrad/datasets/videos/train/Pneumonie/clip_505_6764_10_2022-02-24 13:36:54_Pneumonie.mp4,Pneumonie,5.0,6764,10,2022-02-24 13:36:54,/data/public/heureux_2022-02-16_2022-04-16/2022-02-22-2022-02-27/N862A6_ch10_main_20220224130009_20220224140009.mp4,1
"clip_539_6794_2_2022-02-23 06:30:43_Diarrhé, Pneumonie.mp4","/data/konrad/datasets/videos/train/Diarrhé, Pneumonie/clip_539_6794_2_2022-02-23 06:30:43_Diarrhé, Pneumonie.mp4","Diarrhé, Pneumonie",5.0,6794,2,2022-02-23 06:30:43,/data/public/heureux_2022-02-16_2022-04-16/2022-02-22-2022-02-27/N862A6_ch2_main_20220223060000_20220223070001.mp4,1
clip_542_6783_2_2022-02-23 10:07:44_Diarrhé.mp4,/data/konrad/datasets/videos/train/Diarrhé/clip_542_6783_2_2022-02-23 10:07:44_Diarrhé.mp4,Diarrhé,5.0,6783,2,2022-02-23 10:07:44,/data/public/heureux_2022-02-16_2022-04-16/2022-02-22-2022-02-27/N862A6_ch2_main_20220223100001_20220223110001.mp4,5
"clip_544_6787_2_2022-02-23 20:42:23_Diarrhé, Pneumonie.mp4","/data/konrad/datasets/videos/train/Diarrhé, Pneumonie/clip_544_6787_2_2022-02-23 20:42:23_Diarrhé, Pneumonie.mp4","Diarrhé, Pneumonie",5.0,6787,2,2022-02-23 20:42:23,/data/public/heureux_2022-02-16_2022-04-16/2022-02-22-2022-02-27/N862A6_ch2_main_20220223200001_20220223210001.mp4,2
"clip_546_6787_2_2022-02-23 09:31:35_Diarrhé, Pneumonie.mp4","/data/konrad/datasets/videos/train/Diarrhé, Pneumonie/clip_546_6787_2_2022-02-23 09:31:35_Diarrhé, Pneumonie.mp4","Diarrhé, Pneumonie",5.0,6787,2,2022-02-23 09:31:35,/data/public/heureux_2022-02-16_2022-04-16/2022-02-22-2022-02-27/N862A6_ch2_main_20220223090001_20220223100001.mp4,2
"clip_547_6787_2_2022-02-23 09:23:07_Diarrhé, Pneumonie.mp4","/data/konrad/datasets/videos/train/Diarrhé, Pneumonie/clip_547_6787_2_2022-02-23 09:23:07_Diarrhé, Pneumonie.mp4","Diarrhé, Pneumonie",5.0,6787,2,2022-02-23 09:23:07,/data/public/heureux_2022-02-16_2022-04-16/2022-02-22-2022-02-27/N862A6_ch2_main_20220223090001_20220223100001.mp4,18
"clip_548_6787_2_2022-02-23 08:22:19_Diarrhé, Pneumonie.mp4","/data/konrad/datasets/videos/train/Diarrhé, Pneumonie/clip_548_6787_2_2022-02-23 08:22:19_Diarrhé, Pneumonie.mp4","Diarrhé, Pneumonie",5.0,6787,2,2022-02-23 08:22:19,/data/public/heureux_2022-02-16_2022-04-16/2022-02-22-2022-02-27/N862A6_ch2_main_20220223080001_20220223090001.mp4,7
clip_552_6791_2_2022-02-23 11:32:02_Diarrhé.mp4,/data/konrad/datasets/videos/train/Diarrhé/clip_552_6791_2_2022-02-23 11:32:02_Diarrhé.mp4,Diarrhé,5.0,6791,2,2022-02-23 11:32:02,/data/public/heureux_2022-02-16_2022-04-16/2022-02-22-2022-02-27/N862A6_ch2_main_20220223110001_20220223114100.mp4,3
clip_554_6382_10_2022-02-23 21:27:10_Diarrhé.mp4,/data/konrad/datasets/videos/train/Diarrhé/clip_554_6382_10_2022-02-23 21:27:10_Diarrhé.mp4,Diarrhé,5.0,6382,10,2022-02-23 21:27:10,/data/public/heureux_2022-02-16_2022-04-16/2022-02-22-2022-02-27/N862A6_ch10_main_20220223210009_20220223220000.mp4,1
clip_563_6778_2_2022-02-23 15:00:13_Unknown.mp4,/data/konrad/datasets/videos/train/Unknown/clip_563_6778_2_2022-02-23 15:00:13_Unknown.mp4,Unknown,5.0,6778,2,2022-02-23 15:00:13,/data/public/heureux_2022-02-16_2022-04-16/2022-02-22-2022-02-27/N862A6_ch2_main_20220223150001_20220223160001.mp4,4
clip_573_6774_2_2022-02-23 20:35:51_Pneumonie.mp4,/data/konrad/datasets/videos/train/Pneumonie/clip_573_6774_2_2022-02-23 20:35:51_Pneumonie.mp4,Pneumonie,5.0,6774,2,2022-02-23 20:35:51,/data/public/heureux_2022-02-16_2022-04-16/2022-02-22-2022-02-27/N862A6_ch2_main_20220223200001_20220223210001.mp4,3
clip_589_6773_2_2022-02-23 09:51:25_Unknown.mp4,/data/konrad/datasets/videos/train/Unknown/clip_589_6773_2_2022-02-23 09:51:25_Unknown.mp4,Unknown,5.0,6773,2,2022-02-23 09:51:25,/data/public/heureux_2022-02-16_2022-04-16/2022-02-22-2022-02-27/N862A6_ch2_main_20220223090001_20220223100001.mp4,2
clip_597_6768_2_2022-02-23 13:56:11_Pneumonie.mp4,/data/konrad/datasets/videos/train/Pneumonie/clip_597_6768_2_2022-02-23 13:56:11_Pneumonie.mp4,Pneumonie,5.0,6768,2,2022-02-23 13:56:11,/data/public/heureux_2022-02-16_2022-04-16/2022-02-22-2022-02-27/N862A6_ch2_main_20220223130001_20220223140001.mp4,1
clip_598_6768_2_2022-02-23 11:54:20_Pneumonie.mp4,/data/konrad/datasets/videos/train/Pneumonie/clip_598_6768_2_2022-02-23 11:54:20_Pneumonie.mp4,Pneumonie,5.0,6768,2,2022-02-23 11:54:20,/data/public/heureux_2022-02-16_2022-04-16/2022-02-22-2022-02-27/N862A6_ch2_main_20220223114102_20220223130001.mp4,1
clip_602_6391_2_2022-02-23 14:25:07_Unknown.mp4,/data/konrad/datasets/videos/train/Unknown/clip_602_6391_2_2022-02-23 14:25:07_Unknown.mp4,Unknown,5.0,6391,2,2022-02-23 14:25:07,/data/public/heureux_2022-02-16_2022-04-16/2022-02-22-2022-02-27/N862A6_ch2_main_20220223140001_20220223150001.mp4,1
clip_613_6799_1_2022-02-23 14:01:29_Diarrhé.mp4,/data/konrad/datasets/videos/train/Diarrhé/clip_613_6799_1_2022-02-23 14:01:29_Diarrhé.mp4,Diarrhé,5.0,6799,1,2022-02-23 14:01:29,/data/public/heureux_2022-02-16_2022-04-16/2022-02-22-2022-02-27/N862A6_ch1_main_20220223140000_20220223150000.mp4,1
clip_615_6403_2_2022-02-23 13:49:07_Pneumonie.mp4,/data/konrad/datasets/videos/train/Pneumonie/clip_615_6403_2_2022-02-23 13:49:07_Pneumonie.mp4,Pneumonie,5.0,6403,2,2022-02-23 13:49:07,/data/public/heureux_2022-02-16_2022-04-16/2022-02-22-2022-02-27/N862A6_ch2_main_20220223130001_20220223140001.mp4,4
clip_643_6391_2_2022-02-22 12:16:09_Unknown.mp4,/data/konrad/datasets/videos/train/Unknown/clip_643_6391_2_2022-02-22 12:16:09_Unknown.mp4,Unknown,5.0,6391,2,2022-02-22 12:16:09,/data/public/heureux_2022-02-16_2022-04-16/2022-02-22-2022-02-27/N862A6_ch2_main_20220222120001_20220222130001.mp4,2
clip_648_6728_10_2022-02-22 16:02:42_Unknown.mp4,/data/konrad/datasets/videos/train/Unknown/clip_648_6728_10_2022-02-22 16:02:42_Unknown.mp4,Unknown,5.0,6728,10,2022-02-22 16:02:42,/data/public/heureux_2022-02-16_2022-04-16/2022-02-22-2022-02-27/N862A6_ch10_main_20220222160009_20220222170009.mp4,2
clip_651_6787_2_2022-02-22 09:41:50_Diarrhé.mp4,/data/konrad/datasets/videos/train/Diarrhé/clip_651_6787_2_2022-02-22 09:41:50_Diarrhé.mp4,Diarrhé,5.0,6787,2,2022-02-22 09:41:50,/data/public/heureux_2022-02-16_2022-04-16/2022-02-22-2022-02-27/N862A6_ch2_main_20220222090001_20220222100001.mp4,4
clip_656_6774_2_2022-02-22 12:47:46_Unknown.mp4,/data/konrad/datasets/videos/train/Unknown/clip_656_6774_2_2022-02-22 12:47:46_Unknown.mp4,Unknown,5.0,6774,2,2022-02-22 12:47:46,/data/public/heureux_2022-02-16_2022-04-16/2022-02-22-2022-02-27/N862A6_ch2_main_20220222120001_20220222130001.mp4,10
clip_658_6768_2_2022-02-22 13:11:23_Pneumonie.mp4,/data/konrad/datasets/videos/train/Pneumonie/clip_658_6768_2_2022-02-22 13:11:23_Pneumonie.mp4,Pneumonie,5.0,6768,2,2022-02-22 13:11:23,/data/public/heureux_2022-02-16_2022-04-16/2022-02-22-2022-02-27/N862A6_ch2_main_20220222130001_20220222140001.mp4,2
clip_659_6768_2_2022-02-22 09:07:12_Pneumonie.mp4,/data/konrad/datasets/videos/train/Pneumonie/clip_659_6768_2_2022-02-22 09:07:12_Pneumonie.mp4,Pneumonie,5.0,6768,2,2022-02-22 09:07:12,/data/public/heureux_2022-02-16_2022-04-16/2022-02-22-2022-02-27/N862A6_ch2_main_20220222090001_20220222100001.mp4,9
clip_660_6768_2_2022-02-22 08:53:01_Pneumonie.mp4,/data/konrad/datasets/videos/train/Pneumonie/clip_660_6768_2_2022-02-22 08:53:01_Pneumonie.mp4,Pneumonie,5.0,6768,2,2022-02-22 08:53:01,/data/public/heureux_2022-02-16_2022-04-16/2022-02-22-2022-02-27/N862A6_ch2_main_20220222080001_20220222090001.mp4,14
clip_665_6780_2_2022-02-22 08:46:54_Diarrhé.mp4,/data/konrad/datasets/videos/train/Diarrhé/clip_665_6780_2_2022-02-22 08:46:54_Diarrhé.mp4,Diarrhé,5.0,6780,2,2022-02-22 08:46:54,/data/public/heureux_2022-02-16_2022-04-16/2022-02-22-2022-02-27/N862A6_ch2_main_20220222080001_20220222090001.mp4,1
clip_669_6773_2_2022-02-22 16:53:49_Diarrhé.mp4,/data/konrad/datasets/videos/train/Diarrhé/clip_669_6773_2_2022-02-22 16:53:49_Diarrhé.mp4,Diarrhé,5.0,6773,2,2022-02-22 16:53:49,/data/public/heureux_2022-02-16_2022-04-16/2022-02-22-2022-02-27/N862A6_ch2_main_20220222160001_20220222170001.mp4,4
clip_671_6773_2_2022-02-22 12:37:42_Diarrhé.mp4,/data/konrad/datasets/videos/train/Diarrhé/clip_671_6773_2_2022-02-22 12:37:42_Diarrhé.mp4,Diarrhé,5.0,6773,2,2022-02-22 12:37:42,/data/public/heureux_2022-02-16_2022-04-16/2022-02-22-2022-02-27/N862A6_ch2_main_20220222120001_20220222130001.mp4,2
"clip_716_6375_10_2022-02-22 19:34:50_Diarrhé, Pneumonie.mp4","/data/konrad/datasets/videos/train/Diarrhé, Pneumonie/clip_716_6375_10_2022-02-22 19:34:50_Diarrhé, Pneumonie.mp4","Diarrhé, Pneumonie",5.0,6375,10,2022-02-22 19:34:50,/data/public/heureux_2022-02-16_2022-04-16/2022-02-22-2022-02-27/N862A6_ch10_main_20220222190009_20220222200009.mp4,4
clip_741_6405_1_2022-02-21 21:55:04_Diarrhé.mp4,/data/konrad/datasets/videos/train/Diarrhé/clip_741_6405_1_2022-02-21 21:55:04_Diarrhé.mp4,Diarrhé,5.0,6405,1,2022-02-21 21:55:04,/data/public/heureux_2022-02-16_2022-04-16/2022-02-16-2022-02-21/N862A6_ch1_main_20220221210000_20220221220000.mp4,1
clip_748_6791_2_2022-02-21 19:48:27_Diarrhé.mp4,/data/konrad/datasets/videos/train/Diarrhé/clip_748_6791_2_2022-02-21 19:48:27_Diarrhé.mp4,Diarrhé,5.0,6791,2,2022-02-21 19:48:27,/data/public/heureux_2022-02-16_2022-04-16/2022-02-16-2022-02-21/N862A6_ch2_main_20220221190001_20220221200001.mp4,4
clip_750_6791_2_2022-02-21 08:37:31_Diarrhé.mp4,/data/konrad/datasets/videos/train/Diarrhé/clip_750_6791_2_2022-02-21 08:37:31_Diarrhé.mp4,Diarrhé,5.0,6791,2,2022-02-21 08:37:31,/data/public/heureux_2022-02-16_2022-04-16/2022-02-16-2022-02-21/N862A6_ch2_main_20220221080001_20220221090001.mp4,1
clip_751_6791_2_2022-02-21 08:32:22_Diarrhé.mp4,/data/konrad/datasets/videos/train/Diarrhé/clip_751_6791_2_2022-02-21 08:32:22_Diarrhé.mp4,Diarrhé,5.0,6791,2,2022-02-21 08:32:22,/data/public/heureux_2022-02-16_2022-04-16/2022-02-16-2022-02-21/N862A6_ch2_main_20220221080001_20220221090001.mp4,2
clip_753_6403_2_2022-02-21 18:08:09_Diarrhé.mp4,/data/konrad/datasets/videos/train/Diarrhé/clip_753_6403_2_2022-02-21 18:08:09_Diarrhé.mp4,Diarrhé,5.0,6403,2,2022-02-21 18:08:09,/data/public/heureux_2022-02-16_2022-04-16/2022-02-16-2022-02-21/N862A6_ch2_main_20220221180001_20220221190001.mp4,9
clip_759_6768_2_2022-02-21 21:33:32_Unknown.mp4,/data/konrad/datasets/videos/train/Unknown/clip_759_6768_2_2022-02-21 21:33:32_Unknown.mp4,Unknown,5.0,6768,2,2022-02-21 21:33:32,/data/public/heureux_2022-02-16_2022-04-16/2022-02-16-2022-02-21/N862A6_ch2_main_20220221210001_20220221220000.mp4,6
clip_761_6768_2_2022-02-21 08:45:17_Unknown.mp4,/data/konrad/datasets/videos/train/Unknown/clip_761_6768_2_2022-02-21 08:45:17_Unknown.mp4,Unknown,5.0,6768,2,2022-02-21 08:45:17,/data/public/heureux_2022-02-16_2022-04-16/2022-02-16-2022-02-21/N862A6_ch2_main_20220221080001_20220221090001.mp4,1
"clip_763_6794_2_2022-02-21 16:00:57_Diarrhé, Pneumonie.mp4","/data/konrad/datasets/videos/train/Diarrhé, Pneumonie/clip_763_6794_2_2022-02-21 16:00:57_Diarrhé, Pneumonie.mp4","Diarrhé, Pneumonie",5.0,6794,2,2022-02-21 16:00:57,/data/public/heureux_2022-02-16_2022-04-16/2022-02-16-2022-02-21/N862A6_ch2_main_20220221160001_20220221170001.mp4,2
"clip_767_6794_2_2022-02-21 08:12:34_Diarrhé, Pneumonie.mp4","/data/konrad/datasets/videos/train/Diarrhé, Pneumonie/clip_767_6794_2_2022-02-21 08:12:34_Diarrhé, Pneumonie.mp4","Diarrhé, Pneumonie",5.0,6794,2,2022-02-21 08:12:34,/data/public/heureux_2022-02-16_2022-04-16/2022-02-16-2022-02-21/N862A6_ch2_main_20220221080001_20220221090001.mp4,6
clip_776_6773_2_2022-02-21 21:14:27_Diarrhé.mp4,/data/konrad/datasets/videos/train/Diarrhé/clip_776_6773_2_2022-02-21 21:14:27_Diarrhé.mp4,Diarrhé,5.0,6773,2,2022-02-21 21:14:27,/data/public/heureux_2022-02-16_2022-04-16/2022-02-16-2022-02-21/N862A6_ch2_main_20220221210001_20220221220000.mp4,3
clip_781_6773_2_2022-02-21 12:12:26_Diarrhé.mp4,/data/konrad/datasets/videos/train/Diarrhé/clip_781_6773_2_2022-02-21 12:12:26_Diarrhé.mp4,Diarrhé,5.0,6773,2,2022-02-21 12:12:26,/data/public/heureux_2022-02-16_2022-04-16/2022-02-16-2022-02-21/N862A6_ch2_main_20220221120001_20220221130001.mp4,1
clip_783_6773_2_2022-02-21 06:26:00_Diarrhé.mp4,/data/konrad/datasets/videos/train/Diarrhé/clip_783_6773_2_2022-02-21 06:26:00_Diarrhé.mp4,Diarrhé,5.0,6773,2,2022-02-21 06:26:00,/data/public/heureux_2022-02-16_2022-04-16/2022-02-16-2022-02-21/N862A6_ch2_main_20220221060000_20220221070001.mp4,1
clip_797_6746_10_2022-02-21 20:50:19_Pneumonie.mp4,/data/konrad/datasets/videos/train/Pneumonie/clip_797_6746_10_2022-02-21 20:50:19_Pneumonie.mp4,Pneumonie,5.0,6746,10,2022-02-21 20:50:19,/data/public/heureux_2022-02-16_2022-04-16/2022-02-16-2022-02-21/N862A6_ch10_main_20220221200009_20220221210009.mp4,2
clip_802_6391_2_2022-02-21 12:30:22_Healthy.mp4,/data/konrad/datasets/videos/train/Healthy/clip_802_6391_2_2022-02-21 12:30:22_Healthy.mp4,Healthy,5.0,6391,2,2022-02-21 12:30:22,/data/public/heureux_2022-02-16_2022-04-16/2022-02-16-2022-02-21/N862A6_ch2_main_20220221120001_20220221130001.mp4,3
clip_805_6783_2_2022-02-21 14:59:36_Diarrhé.mp4,/data/konrad/datasets/videos/train/Diarrhé/clip_805_6783_2_2022-02-21 14:59:36_Diarrhé.mp4,Diarrhé,5.0,6783,2,2022-02-21 14:59:36,/data/public/heureux_2022-02-16_2022-04-16/2022-02-16-2022-02-21/N862A6_ch2_main_20220221140001_20220221150001.mp4,1
clip_831_6774_2_2022-02-21 18:51:41_Diarrhé.mp4,/data/konrad/datasets/videos/train/Diarrhé/clip_831_6774_2_2022-02-21 18:51:41_Diarrhé.mp4,Diarrhé,5.0,6774,2,2022-02-21 18:51:41,/data/public/heureux_2022-02-16_2022-04-16/2022-02-16-2022-02-21/N862A6_ch2_main_20220221180001_20220221190001.mp4,4
clip_844_6799_1_2022-02-21 07:11:30_Diarrhé.mp4,/data/konrad/datasets/videos/train/Diarrhé/clip_844_6799_1_2022-02-21 07:11:30_Diarrhé.mp4,Diarrhé,5.0,6799,1,2022-02-21 07:11:30,/data/public/heureux_2022-02-16_2022-04-16/2022-02-16-2022-02-21/N862A6_ch1_main_20220221070000_20220221080000.mp4,1
clip_845_6799_1_2022-02-21 06:48:04_Diarrhé.mp4,/data/konrad/datasets/videos/train/Diarrhé/clip_845_6799_1_2022-02-21 06:48:04_Diarrhé.mp4,Diarrhé,5.0,6799,1,2022-02-21 06:48:04,/data/public/heureux_2022-02-16_2022-04-16/2022-02-16-2022-02-21/N862A6_ch1_main_20220221060000_20220221070000.mp4,1
clip_851_6787_2_2022-02-20 17:07:59_Pneumonie.mp4,/data/konrad/datasets/videos/train/Pneumonie/clip_851_6787_2_2022-02-20 17:07:59_Pneumonie.mp4,Pneumonie,5.0,6787,2,2022-02-20 17:07:59,/data/public/heureux_2022-02-16_2022-04-16/2022-02-16-2022-02-21/N862A6_ch2_main_20220220170001_20220220180001.mp4,6
clip_853_6787_2_2022-02-20 12:47:40_Pneumonie.mp4,/data/konrad/datasets/videos/train/Pneumonie/clip_853_6787_2_2022-02-20 12:47:40_Pneumonie.mp4,Pneumonie,5.0,6787,2,2022-02-20 12:47:40,/data/public/heureux_2022-02-16_2022-04-16/2022-02-16-2022-02-21/N862A6_ch2_main_20220220114101_20220220130001.mp4,1
clip_854_6787_2_2022-02-20 06:09:47_Pneumonie.mp4,/data/konrad/datasets/videos/train/Pneumonie/clip_854_6787_2_2022-02-20 06:09:47_Pneumonie.mp4,Pneumonie,5.0,6787,2,2022-02-20 06:09:47,/data/public/heureux_2022-02-16_2022-04-16/2022-02-16-2022-02-21/N862A6_ch2_main_20220220060000_20220220070001.mp4,2
clip_876_6391_2_2022-02-20 13:10:31_Unknown.mp4,/data/konrad/datasets/videos/train/Unknown/clip_876_6391_2_2022-02-20 13:10:31_Unknown.mp4,Unknown,5.0,6391,2,2022-02-20 13:10:31,/data/public/heureux_2022-02-16_2022-04-16/2022-02-16-2022-02-21/N862A6_ch2_main_20220220130001_20220220140001.mp4,6
clip_878_6403_2_2022-02-20 17:49:18_Pneumonie.mp4,/data/konrad/datasets/videos/train/Pneumonie/clip_878_6403_2_2022-02-20 17:49:18_Pneumonie.mp4,Pneumonie,5.0,6403,2,2022-02-20 17:49:18,/data/public/heureux_2022-02-16_2022-04-16/2022-02-16-2022-02-21/N862A6_ch2_main_20220220170001_20220220180001.mp4,4
clip_885_6791_2_2022-02-20 13:31:36_Unknown.mp4,/data/konrad/datasets/videos/train/Unknown/clip_885_6791_2_2022-02-20 13:31:36_Unknown.mp4,Unknown,5.0,6791,2,2022-02-20 13:31:36,/data/public/heureux_2022-02-16_2022-04-16/2022-02-16-2022-02-21/N862A6_ch2_main_20220220130001_20220220140001.mp4,4
clip_886_6791_2_2022-02-20 09:10:28_Unknown.mp4,/data/konrad/datasets/videos/train/Unknown/clip_886_6791_2_2022-02-20 09:10:28_Unknown.mp4,Unknown,5.0,6791,2,2022-02-20 09:10:28,/data/public/heureux_2022-02-16_2022-04-16/2022-02-16-2022-02-21/N862A6_ch2_main_20220220090001_20220220100001.mp4,1
clip_891_6774_2_2022-02-20 21:01:47_Healthy.mp4,/data/konrad/datasets/videos/train/Healthy/clip_891_6774_2_2022-02-20 21:01:47_Healthy.mp4,Healthy,5.0,6774,2,2022-02-20 21:01:47,/data/public/heureux_2022-02-16_2022-04-16/2022-02-16-2022-02-21/N862A6_ch2_main_20220220210001_20220220220000.mp4,1
"clip_894_6780_2_2022-02-20 19:38:33_Diarrhé, Pneumonie.mp4","/data/konrad/datasets/videos/train/Diarrhé, Pneumonie/clip_894_6780_2_2022-02-20 19:38:33_Diarrhé, Pneumonie.mp4","Diarrhé, Pneumonie",5.0,6780,2,2022-02-20 19:38:33,/data/public/heureux_2022-02-16_2022-04-16/2022-02-16-2022-02-21/N862A6_ch2_main_20220220190001_20220220200001.mp4,1
clip_923_6783_2_2022-02-20 20:12:09_Diarrhé.mp4,/data/konrad/datasets/videos/train/Diarrhé/clip_923_6783_2_2022-02-20 20:12:09_Diarrhé.mp4,Diarrhé,5.0,6783,2,2022-02-20 20:12:09,/data/public/heureux_2022-02-16_2022-04-16/2022-02-16-2022-02-21/N862A6_ch2_main_20220220200001_20220220210001.mp4,6
clip_924_6783_2_2022-02-20 16:32:05_Diarrhé.mp4,/data/konrad/datasets/videos/train/Diarrhé/clip_924_6783_2_2022-02-20 16:32:05_Diarrhé.mp4,Diarrhé,5.0,6783,2,2022-02-20 16:32:05,/data/public/heureux_2022-02-16_2022-04-16/2022-02-16-2022-02-21/N862A6_ch2_main_20220220160001_20220220170001.mp4,2
clip_927_6778_2_2022-02-20 20:05:58_Diarrhé.mp4,/data/konrad/datasets/videos/train/Diarrhé/clip_927_6778_2_2022-02-20 20:05:58_Diarrhé.mp4,Diarrhé,5.0,6778,2,2022-02-20 20:05:58,/data/public/heureux_2022-02-16_2022-04-16/2022-02-16-2022-02-21/N862A6_ch2_main_20220220200001_20220220210001.mp4,3
clip_931_6786_2_2022-02-20 14:57:03_Unknown.mp4,/data/konrad/datasets/videos/train/Unknown/clip_931_6786_2_2022-02-20 14:57:03_Unknown.mp4,Unknown,5.0,6786,2,2022-02-20 14:57:03,/data/public/heureux_2022-02-16_2022-04-16/2022-02-16-2022-02-21/N862A6_ch2_main_20220220140001_20220220150001.mp4,1
clip_952_6796_1_2022-02-20 16:45:31_Diarrhé.mp4,/data/konrad/datasets/videos/train/Diarrhé/clip_952_6796_1_2022-02-20 16:45:31_Diarrhé.mp4,Diarrhé,5.0,6796,1,2022-02-20 16:45:31,/data/public/heureux_2022-02-16_2022-04-16/2022-02-16-2022-02-21/N862A6_ch1_main_20220220160000_20220220170000.mp4,4
clip_954_6796_1_2022-02-20 08:19:53_Diarrhé.mp4,/data/konrad/datasets/videos/train/Diarrhé/clip_954_6796_1_2022-02-20 08:19:53_Diarrhé.mp4,Diarrhé,5.0,6796,1,2022-02-20 08:19:53,/data/public/heureux_2022-02-16_2022-04-16/2022-02-16-2022-02-21/N862A6_ch1_main_20220220080000_20220220090000.mp4,2
clip_958_6794_2_2022-02-19 21:35:21_Pneumonie.mp4,/data/konrad/datasets/videos/train/Pneumonie/clip_958_6794_2_2022-02-19 21:35:21_Pneumonie.mp4,Pneumonie,5.0,6794,2,2022-02-19 21:35:21,/data/public/heureux_2022-02-16_2022-04-16/2022-02-16-2022-02-21/N862A6_ch2_main_20220219210001_20220219220000.mp4,6
clip_959_6794_2_2022-02-19 17:18:51_Pneumonie.mp4,/data/konrad/datasets/videos/train/Pneumonie/clip_959_6794_2_2022-02-19 17:18:51_Pneumonie.mp4,Pneumonie,5.0,6794,2,2022-02-19 17:18:51,/data/public/heureux_2022-02-16_2022-04-16/2022-02-16-2022-02-21/N862A6_ch2_main_20220219170001_20220219180001.mp4,4
clip_964_6787_2_2022-02-19 18:50:37_Diarrhé.mp4,/data/konrad/datasets/videos/train/Diarrhé/clip_964_6787_2_2022-02-19 18:50:37_Diarrhé.mp4,Diarrhé,5.0,6787,2,2022-02-19 18:50:37,/data/public/heureux_2022-02-16_2022-04-16/2022-02-16-2022-02-21/N862A6_ch2_main_20220219180001_20220219190001.mp4,10
clip_965_6787_2_2022-02-19 14:54:47_Diarrhé.mp4,/data/konrad/datasets/videos/train/Diarrhé/clip_965_6787_2_2022-02-19 14:54:47_Diarrhé.mp4,Diarrhé,5.0,6787,2,2022-02-19 14:54:47,/data/public/heureux_2022-02-16_2022-04-16/2022-02-16-2022-02-21/N862A6_ch2_main_20220219140001_20220219150001.mp4,11
clip_972_6403_2_2022-02-19 18:56:25_Pneumonie.mp4,/data/konrad/datasets/videos/train/Pneumonie/clip_972_6403_2_2022-02-19 18:56:25_Pneumonie.mp4,Pneumonie,5.0,6403,2,2022-02-19 18:56:25,/data/public/heureux_2022-02-16_2022-04-16/2022-02-16-2022-02-21/N862A6_ch2_main_20220219180001_20220219190001.mp4,3
clip_974_6403_2_2022-02-19 16:32:02_Pneumonie.mp4,/data/konrad/datasets/videos/train/Pneumonie/clip_974_6403_2_2022-02-19 16:32:02_Pneumonie.mp4,Pneumonie,5.0,6403,2,2022-02-19 16:32:02,/data/public/heureux_2022-02-16_2022-04-16/2022-02-16-2022-02-21/N862A6_ch2_main_20220219160001_20220219170001.mp4,1
clip_982_6771_2_2022-02-19 08:38:05_Diarrhé.mp4,/data/konrad/datasets/videos/train/Diarrhé/clip_982_6771_2_2022-02-19 08:38:05_Diarrhé.mp4,Diarrhé,5.0,6771,2,2022-02-19 08:38:05,/data/public/heureux_2022-02-16_2022-04-16/2022-02-16-2022-02-21/N862A6_ch2_main_20220219080001_20220219090001.mp4,1
clip_983_6773_2_2022-02-19 17:49:12_Healthy.mp4,/data/konrad/datasets/videos/train/Healthy/clip_983_6773_2_2022-02-19 17:49:12_Healthy.mp4,Healthy,5.0,6773,2,2022-02-19 17:49:12,/data/public/heureux_2022-02-16_2022-04-16/2022-02-16-2022-02-21/N862A6_ch2_main_20220219170001_20220219180001.mp4,1
clip_988_6768_2_2022-02-19 17:24:02_Unknown.mp4,/data/konrad/datasets/videos/train/Unknown/clip_988_6768_2_2022-02-19 17:24:02_Unknown.mp4,Unknown,5.0,6768,2,2022-02-19 17:24:02,/data/public/heureux_2022-02-16_2022-04-16/2022-02-16-2022-02-21/N862A6_ch2_main_20220219170001_20220219180001.mp4,4
clip_990_6768_2_2022-02-19 06:05:30_Unknown.mp4,/data/konrad/datasets/videos/train/Unknown/clip_990_6768_2_2022-02-19 06:05:30_Unknown.mp4,Unknown,5.0,6768,2,2022-02-19 06:05:30,/data/public/heureux_2022-02-16_2022-04-16/2022-02-16-2022-02-21/N862A6_ch2_main_20220219060000_20220219070001.mp4,1
clip_992_6734_10_2022-02-19 21:49:28_Pneumonie.mp4,/data/konrad/datasets/videos/train/Pneumonie/clip_992_6734_10_2022-02-19 21:49:28_Pneumonie.mp4,Pneumonie,5.0,6734,10,2022-02-19 21:49:28,/data/public/heureux_2022-02-16_2022-04-16/2022-02-16-2022-02-21/N862A6_ch10_main_20220219210009_20220219220000.mp4,13
clip_996_6791_2_2022-02-19 17:12:33_Unknown.mp4,/data/konrad/datasets/videos/train/Unknown/clip_996_6791_2_2022-02-19 17:12:33_Unknown.mp4,Unknown,5.0,6791,2,2022-02-19 17:12:33,/data/public/heureux_2022-02-16_2022-04-16/2022-02-16-2022-02-21/N862A6_ch2_main_20220219170001_20220219180001.mp4,2
clip_997_6791_2_2022-02-19 17:00:21_Unknown.mp4,/data/konrad/datasets/videos/train/Unknown/clip_997_6791_2_2022-02-19 17:00:21_Unknown.mp4,Unknown,5.0,6791,2,2022-02-19 17:00:21,/data/public/heureux_2022-02-16_2022-04-16/2022-02-16-2022-02-21/N862A6_ch2_main_20220219170001_20220219180001.mp4,4
clip_999_6791_2_2022-02-19 08:32:12_Unknown.mp4,/data/konrad/datasets/videos/train/Unknown/clip_999_6791_2_2022-02-19 08:32:12_Unknown.mp4,Unknown,5.0,6791,2,2022-02-19 08:32:12,/data/public/heureux_2022-02-16_2022-04-16/2022-02-16-2022-02-21/N862A6_ch2_main_20220219080001_20220219090001.mp4,2
clip_1000_6760_10_2022-02-19 21:44:08_Healthy.mp4,/data/konrad/datasets/videos/train/Healthy/clip_1000_6760_10_2022-02-19 21:44:08_Healthy.mp4,Healthy,5.0,6760,10,2022-02-19 21:44:08,/data/public/heureux_2022-02-16_2022-04-16/2022-02-16-2022-02-21/N862A6_ch10_main_20220219210009_20220219220000.mp4,1
"clip_1014_6780_2_2022-02-19 19:09:44_Diarrhé, Pneumonie.mp4","/data/konrad/datasets/videos/train/Diarrhé, Pneumonie/clip_1014_6780_2_2022-02-19 19:09:44_Diarrhé, Pneumonie.mp4","Diarrhé, Pneumonie",5.0,6780,2,2022-02-19 19:09:44,/data/public/heureux_2022-02-16_2022-04-16/2022-02-16-2022-02-21/N862A6_ch2_main_20220219190001_20220219200001.mp4,4
clip_1027_6391_2_2022-02-19 06:55:46_Healthy.mp4,/data/konrad/datasets/videos/train/Healthy/clip_1027_6391_2_2022-02-19 06:55:46_Healthy.mp4,Healthy,5.0,6391,2,2022-02-19 06:55:46,/data/public/heureux_2022-02-16_2022-04-16/2022-02-16-2022-02-21/N862A6_ch2_main_20220219060000_20220219070001.mp4,1
clip_1052_6774_2_2022-02-19 14:02:56_Diarrhé.mp4,/data/konrad/datasets/videos/train/Diarrhé/clip_1052_6774_2_2022-02-19 14:02:56_Diarrhé.mp4,Diarrhé,5.0,6774,2,2022-02-19 14:02:56,/data/public/heureux_2022-02-16_2022-04-16/2022-02-16-2022-02-21/N862A6_ch2_main_20220219140001_20220219150001.mp4,1
clip_1065_6783_2_2022-02-19 11:51:26_Diarrhé.mp4,/data/konrad/datasets/videos/train/Diarrhé/clip_1065_6783_2_2022-02-19 11:51:26_Diarrhé.mp4,Diarrhé,5.0,6783,2,2022-02-19 11:51:26,/data/public/heureux_2022-02-16_2022-04-16/2022-02-16-2022-02-21/N862A6_ch2_main_20220219114059_20220219130001.mp4,4
clip_1066_6783_2_2022-02-19 11:41:46_Diarrhé.mp4,/data/konrad/datasets/videos/train/Diarrhé/clip_1066_6783_2_2022-02-19 11:41:46_Diarrhé.mp4,Diarrhé,5.0,6783,2,2022-02-19 11:41:46,/data/public/heureux_2022-02-16_2022-04-16/2022-02-16-2022-02-21/N862A6_ch2_main_20220219114059_20220219130001.mp4,5
clip_1099_6766_10_2022-03-04 12:27:34_Unknown.mp4,/data/konrad/datasets/videos/train/Unknown/clip_1099_6766_10_2022-03-04 12:27:34_Unknown.mp4,Unknown,5.0,6766,10,2022-03-04 12:27:34,/data/public/heureux_2022-02-16_2022-04-16/2022-02-28-2022-03-05/N862A6_ch10_main_20220304120009_20220304130009.mp4,1
clip_1113_6787_2_2022-03-03 17:24:43_Diarrhé.mp4,/data/konrad/datasets/videos/train/Diarrhé/clip_1113_6787_2_2022-03-03 17:24:43_Diarrhé.mp4,Diarrhé,5.0,6787,2,2022-03-03 17:24:43,/data/public/heureux_2022-02-16_2022-04-16/2022-02-28-2022-03-05/N862A6_ch2_main_20220303170001_20220303180001.mp4,2
clip_1114_6787_2_2022-03-03 17:03:19_Diarrhé.mp4,/data/konrad/datasets/videos/train/Diarrhé/clip_1114_6787_2_2022-03-03 17:03:19_Diarrhé.mp4,Diarrhé,5.0,6787,2,2022-03-03 17:03:19,/data/public/heureux_2022-02-16_2022-04-16/2022-02-28-2022-03-05/N862A6_ch2_main_20220303170001_20220303180001.mp4,2
clip_1115_6787_2_2022-03-03 13:12:33_Diarrhé.mp4,/data/konrad/datasets/videos/train/Diarrhé/clip_1115_6787_2_2022-03-03 13:12:33_Diarrhé.mp4,Diarrhé,5.0,6787,2,2022-03-03 13:12:33,/data/public/heureux_2022-02-16_2022-04-16/2022-02-28-2022-03-05/N862A6_ch2_main_20220303130001_20220303140001.mp4,20
clip_1144_6791_2_2022-03-03 09:54:20_Unknown.mp4,/data/konrad/datasets/videos/train/Unknown/clip_1144_6791_2_2022-03-03 09:54:20_Unknown.mp4,Unknown,5.0,6791,2,2022-03-03 09:54:20,/data/public/heureux_2022-02-16_2022-04-16/2022-02-28-2022-03-05/N862A6_ch2_main_20220303090001_20220303100001.mp4,9
clip_1182_6370_10_2022-03-03 10:06:28_Pneumonie.mp4,/data/konrad/datasets/videos/train/Pneumonie/clip_1182_6370_10_2022-03-03 10:06:28_Pneumonie.mp4,Pneumonie,5.0,6370,10,2022-03-03 10:06:28,/data/public/heureux_2022-02-16_2022-04-16/2022-02-28-2022-03-05/N862A6_ch10_main_20220303100008_20220303110009.mp4,2
clip_1195_6778_2_2022-03-03 17:49:40_Diarrhé.mp4,/data/konrad/datasets/videos/train/Diarrhé/clip_1195_6778_2_2022-03-03 17:49:40_Diarrhé.mp4,Diarrhé,5.0,6778,2,2022-03-03 17:49:40,/data/public/heureux_2022-02-16_2022-04-16/2022-02-28-2022-03-05/N862A6_ch2_main_20220303170001_20220303180001.mp4,1
"clip_1204_6780_2_2022-03-02 08:16:52_Diarrhé, Pneumonie.mp4","/data/konrad/datasets/videos/train/Diarrhé, Pneumonie/clip_1204_6780_2_2022-03-02 08:16:52_Diarrhé, Pneumonie.mp4","Diarrhé, Pneumonie",5.0,6780,2,2022-03-02 08:16:52,/data/public/heureux_2022-02-16_2022-04-16/2022-02-28-2022-03-05/N862A6_ch2_main_20220302080001_20220302090001.mp4,1
"clip_1211_6771_2_2022-03-02 16:38:58_Diarrhé, Pneumonie.mp4","/data/konrad/datasets/videos/train/Diarrhé, Pneumonie/clip_1211_6771_2_2022-03-02 16:38:58_Diarrhé, Pneumonie.mp4","Diarrhé, Pneumonie",5.0,6771,2,2022-03-02 16:38:58,/data/public/heureux_2022-02-16_2022-04-16/2022-02-28-2022-03-05/N862A6_ch2_main_20220302160001_20220302170001.mp4,7
clip_1214_6787_2_2022-03-02 21:37:44_Diarrhé.mp4,/data/konrad/datasets/videos/train/Diarrhé/clip_1214_6787_2_2022-03-02 21:37:44_Diarrhé.mp4,Diarrhé,5.0,6787,2,2022-03-02 21:37:44,/data/public/heureux_2022-02-16_2022-04-16/2022-02-28-2022-03-05/N862A6_ch2_main_20220302210001_20220302220000.mp4,3
clip_1215_6787_2_2022-03-02 21:25:29_Diarrhé.mp4,/data/konrad/datasets/videos/train/Diarrhé/clip_1215_6787_2_2022-03-02 21:25:29_Diarrhé.mp4,Diarrhé,5.0,6787,2,2022-03-02 21:25:29,/data/public/heureux_2022-02-16_2022-04-16/2022-02-28-2022-03-05/N862A6_ch2_main_20220302210001_20220302220000.mp4,3
clip_1216_6787_2_2022-03-02 21:13:07_Diarrhé.mp4,/data/konrad/datasets/videos/train/Diarrhé/clip_1216_6787_2_2022-03-02 21:13:07_Diarrhé.mp4,Diarrhé,5.0,6787,2,2022-03-02 21:13:07,/data/public/heureux_2022-02-16_2022-04-16/2022-02-28-2022-03-05/N862A6_ch2_main_20220302210001_20220302220000.mp4,10
clip_1222_6787_2_2022-03-02 06:49:28_Diarrhé.mp4,/data/konrad/datasets/videos/train/Diarrhé/clip_1222_6787_2_2022-03-02 06:49:28_Diarrhé.mp4,Diarrhé,5.0,6787,2,2022-03-02 06:49:28,/data/public/heureux_2022-02-16_2022-04-16/2022-02-28-2022-03-05/N862A6_ch2_main_20220302060000_20220302070001.mp4,1
clip_1227_6403_2_2022-03-02 07:12:21_Unknown.mp4,/data/konrad/datasets/videos/train/Unknown/clip_1227_6403_2_2022-03-02 07:12:21_Unknown.mp4,Unknown,5.0,6403,2,2022-03-02 07:12:21,/data/public/heureux_2022-02-16_2022-04-16/2022-02-28-2022-03-05/N862A6_ch2_main_20220302070001_20220302080001.mp4,8
clip_1230_6797_1_2022-03-02 18:38:57_Healthy.mp4,/data/konrad/datasets/videos/train/Healthy/clip_1230_6797_1_2022-03-02 18:38:57_Healthy.mp4,Healthy,5.0,6797,1,2022-03-02 18:38:57,/data/public/heureux_2022-02-16_2022-04-16/2022-02-28-2022-03-05/N862A6_ch1_main_20220302180000_20220302190000.mp4,6
clip_1236_6760_10_2022-03-02 20:53:12_Unknown.mp4,/data/konrad/datasets/videos/train/Unknown/clip_1236_6760_10_2022-03-02 20:53:12_Unknown.mp4,Unknown,5.0,6760,10,2022-03-02 20:53:12,/data/public/heureux_2022-02-16_2022-04-16/2022-02-28-2022-03-05/N862A6_ch10_main_20220302200009_20220302210009.mp4,1
clip_1238_6778_2_2022-03-02 16:00:52_Diarrhé.mp4,/data/konrad/datasets/videos/train/Diarrhé/clip_1238_6778_2_2022-03-02 16:00:52_Diarrhé.mp4,Diarrhé,5.0,6778,2,2022-03-02 16:00:52,/data/public/heureux_2022-02-16_2022-04-16/2022-02-28-2022-03-05/N862A6_ch2_main_20220302160001_20220302170001.mp4,1
clip_1239_6778_2_2022-03-02 10:07:22_Diarrhé.mp4,/data/konrad/datasets/videos/train/Diarrhé/clip_1239_6778_2_2022-03-02 10:07:22_Diarrhé.mp4,Diarrhé,5.0,6778,2,2022-03-02 10:07:22,/data/public/heureux_2022-02-16_2022-04-16/2022-02-28-2022-03-05/N862A6_ch2_main_20220302100001_20220302110001.mp4,1
clip_1242_6391_2_2022-03-02 17:13:26_Healthy.mp4,/data/konrad/datasets/videos/train/Healthy/clip_1242_6391_2_2022-03-02 17:13:26_Healthy.mp4,Healthy,5.0,6391,2,2022-03-02 17:13:26,/data/public/heureux_2022-02-16_2022-04-16/2022-02-28-2022-03-05/N862A6_ch2_main_20220302170001_20220302180001.mp4,1
"clip_1247_6794_2_2022-03-02 17:31:36_Diarrhé, Pneumonie.mp4","/data/konrad/datasets/videos/train/Diarrhé, Pneumonie/clip_1247_6794_2_2022-03-02 17:31:36_Diarrhé, Pneumonie.mp4","Diarrhé, Pneumonie",5.0,6794,2,2022-03-02 17:31:36,/data/public/heureux_2022-02-16_2022-04-16/2022-02-28-2022-03-05/N862A6_ch2_main_20220302170001_20220302180001.mp4,2
"clip_1249_6794_2_2022-03-02 09:27:18_Diarrhé, Pneumonie.mp4","/data/konrad/datasets/videos/train/Diarrhé, Pneumonie/clip_1249_6794_2_2022-03-02 09:27:18_Diarrhé, Pneumonie.mp4","Diarrhé, Pneumonie",5.0,6794,2,2022-03-02 09:27:18,/data/public/heureux_2022-02-16_2022-04-16/2022-02-28-2022-03-05/N862A6_ch2_main_20220302090001_20220302100001.mp4,4
clip_1253_6791_2_2022-03-02 12:41:20_Unknown.mp4,/data/konrad/datasets/videos/train/Unknown/clip_1253_6791_2_2022-03-02 12:41:20_Unknown.mp4,Unknown,5.0,6791,2,2022-03-02 12:41:20,/data/public/heureux_2022-02-16_2022-04-16/2022-02-28-2022-03-05/N862A6_ch2_main_20220302114108_20220302130001.mp4,2
clip_1256_6768_2_2022-03-02 19:23:13_Pneumonie.mp4,/data/konrad/datasets/videos/train/Pneumonie/clip_1256_6768_2_2022-03-02 19:23:13_Pneumonie.mp4,Pneumonie,5.0,6768,2,2022-03-02 19:23:13,/data/public/heureux_2022-02-16_2022-04-16/2022-02-28-2022-03-05/N862A6_ch2_main_20220302190001_20220302200001.mp4,2
clip_1257_6768_2_2022-03-02 19:10:36_Pneumonie.mp4,/data/konrad/datasets/videos/train/Pneumonie/clip_1257_6768_2_2022-03-02 19:10:36_Pneumonie.mp4,Pneumonie,5.0,6768,2,2022-03-02 19:10:36,/data/public/heureux_2022-02-16_2022-04-16/2022-02-28-2022-03-05/N862A6_ch2_main_20220302190001_20220302200001.mp4,13
clip_1258_6768_2_2022-03-02 15:10:46_Pneumonie.mp4,/data/konrad/datasets/videos/train/Pneumonie/clip_1258_6768_2_2022-03-02 15:10:46_Pneumonie.mp4,Pneumonie,5.0,6768,2,2022-03-02 15:10:46,/data/public/heureux_2022-02-16_2022-04-16/2022-02-28-2022-03-05/N862A6_ch2_main_20220302150001_20220302160001.mp4,6
clip_1262_6412_1_2022-03-02 08:39:41_Healthy.mp4,/data/konrad/datasets/videos/train/Healthy/clip_1262_6412_1_2022-03-02 08:39:41_Healthy.mp4,Healthy,5.0,6412,1,2022-03-02 08:39:41,/data/public/heureux_2022-02-16_2022-04-16/2022-02-28-2022-03-05/N862A6_ch1_main_20220302080000_20220302090000.mp4,4
clip_1277_6786_2_2022-03-02 08:05:10_Unknown.mp4,/data/konrad/datasets/videos/train/Unknown/clip_1277_6786_2_2022-03-02 08:05:10_Unknown.mp4,Unknown,5.0,6786,2,2022-03-02 08:05:10,/data/public/heureux_2022-02-16_2022-04-16/2022-02-28-2022-03-05/N862A6_ch2_main_20220302080001_20220302090001.mp4,2
clip_1283_6799_1_2022-03-02 09:04:36_Diarrhé.mp4,/data/konrad/datasets/videos/train/Diarrhé/clip_1283_6799_1_2022-03-02 09:04:36_Diarrhé.mp4,Diarrhé,5.0,6799,1,2022-03-02 09:04:36,/data/public/heureux_2022-02-16_2022-04-16/2022-02-28-2022-03-05/N862A6_ch1_main_20220302090000_20220302100000.mp4,1
clip_1299_6388_10_2022-03-02 06:09:25_Healthy.mp4,/data/konrad/datasets/videos/train/Healthy/clip_1299_6388_10_2022-03-02 06:09:25_Healthy.mp4,Healthy,5.0,6388,10,2022-03-02 06:09:25,/data/public/heureux_2022-02-16_2022-04-16/2022-02-28-2022-03-05/N862A6_ch10_main_20220302060000_20220302070009.mp4,1
clip_1315_6768_2_2022-03-01 09:16:08_Unknown.mp4,/data/konrad/datasets/videos/train/Unknown/clip_1315_6768_2_2022-03-01 09:16:08_Unknown.mp4,Unknown,5.0,6768,2,2022-03-01 09:16:08,/data/public/heureux_2022-02-16_2022-04-16/2022-02-28-2022-03-05/N862A6_ch2_main_20220301090001_20220301100001.mp4,1
clip_1316_6768_2_2022-03-01 08:59:09_Unknown.mp4,/data/konrad/datasets/videos/train/Unknown/clip_1316_6768_2_2022-03-01 08:59:09_Unknown.mp4,Unknown,5.0,6768,2,2022-03-01 08:59:09,/data/public/heureux_2022-02-16_2022-04-16/2022-02-28-2022-03-05/N862A6_ch2_main_20220301080001_20220301090001.mp4,1
clip_1320_6768_2_2022-03-01 06:26:03_Unknown.mp4,/data/konrad/datasets/videos/train/Unknown/clip_1320_6768_2_2022-03-01 06:26:03_Unknown.mp4,Unknown,5.0,6768,2,2022-03-01 06:26:03,/data/public/heureux_2022-02-16_2022-04-16/2022-02-28-2022-03-05/N862A6_ch2_main_20220301060000_20220301070001.mp4,16
clip_1322_6787_2_2022-03-01 19:04:10_Unknown.mp4,/data/konrad/datasets/videos/train/Unknown/clip_1322_6787_2_2022-03-01 19:04:10_Unknown.mp4,Unknown,5.0,6787,2,2022-03-01 19:04:10,/data/public/heureux_2022-02-16_2022-04-16/2022-02-28-2022-03-05/N862A6_ch2_main_20220301190001_20220301200001.mp4,6
clip_1324_6787_2_2022-03-01 09:09:30_Unknown.mp4,/data/konrad/datasets/videos/train/Unknown/clip_1324_6787_2_2022-03-01 09:09:30_Unknown.mp4,Unknown,5.0,6787,2,2022-03-01 09:09:30,/data/public/heureux_2022-02-16_2022-04-16/2022-02-28-2022-03-05/N862A6_ch2_main_20220301090001_20220301100001.mp4,4
clip_1332_6780_2_2022-03-01 06:10:46_Unknown.mp4,/data/konrad/datasets/videos/train/Unknown/clip_1332_6780_2_2022-03-01 06:10:46_Unknown.mp4,Unknown,5.0,6780,2,2022-03-01 06:10:46,/data/public/heureux_2022-02-16_2022-04-16/2022-02-28-2022-03-05/N862A6_ch2_main_20220301060000_20220301070001.mp4,5
clip_1336_6771_2_2022-03-01 16:42:30_Unknown.mp4,/data/konrad/datasets/videos/train/Unknown/clip_1336_6771_2_2022-03-01 16:42:30_Unknown.mp4,Unknown,5.0,6771,2,2022-03-01 16:42:30,/data/public/heureux_2022-02-16_2022-04-16/2022-02-28-2022-03-05/N862A6_ch2_main_20220301160001_20220301170001.mp4,2
clip_1338_6412_1_2022-03-01 17:32:13_Unknown.mp4,/data/konrad/datasets/videos/train/Unknown/clip_1338_6412_1_2022-03-01 17:32:13_Unknown.mp4,Unknown,5.0,6412,1,2022-03-01 17:32:13,/data/public/heureux_2022-02-16_2022-04-16/2022-02-28-2022-03-05/N862A6_ch1_main_20220301170000_20220301180000.mp4,2
clip_1341_6412_1_2022-03-01 10:49:57_Unknown.mp4,/data/konrad/datasets/videos/train/Unknown/clip_1341_6412_1_2022-03-01 10:49:57_Unknown.mp4,Unknown,5.0,6412,1,2022-03-01 10:49:57,/data/public/heureux_2022-02-16_2022-04-16/2022-02-28-2022-03-05/N862A6_ch1_main_20220301100000_20220301110000.mp4,1
clip_1347_6778_2_2022-03-01 16:06:58_Unknown.mp4,/data/konrad/datasets/videos/train/Unknown/clip_1347_6778_2_2022-03-01 16:06:58_Unknown.mp4,Unknown,5.0,6778,2,2022-03-01 16:06:58,/data/public/heureux_2022-02-16_2022-04-16/2022-02-28-2022-03-05/N862A6_ch2_main_20220301160001_20220301170001.mp4,2
clip_1352_6783_2_2022-03-01 16:12:22_Healthy.mp4,/data/konrad/datasets/videos/train/Healthy/clip_1352_6783_2_2022-03-01 16:12:22_Healthy.mp4,Healthy,5.0,6783,2,2022-03-01 16:12:22,/data/public/heureux_2022-02-16_2022-04-16/2022-02-28-2022-03-05/N862A6_ch2_main_20220301160001_20220301170001.mp4,3
clip_1357_6794_2_2022-03-01 12:10:08_Pneumonie.mp4,/data/konrad/datasets/videos/train/Pneumonie/clip_1357_6794_2_2022-03-01 12:10:08_Pneumonie.mp4,Pneumonie,5.0,6794,2,2022-03-01 12:10:08,/data/public/heureux_2022-02-16_2022-04-16/2022-02-28-2022-03-05/N862A6_ch2_main_20220301114107_20220301130001.mp4,2
clip_1360_6773_2_2022-03-01 19:09:51_Healthy.mp4,/data/konrad/datasets/videos/train/Healthy/clip_1360_6773_2_2022-03-01 19:09:51_Healthy.mp4,Healthy,5.0,6773,2,2022-03-01 19:09:51,/data/public/heureux_2022-02-16_2022-04-16/2022-02-28-2022-03-05/N862A6_ch2_main_20220301190001_20220301200001.mp4,1
clip_1371_6405_1_2022-03-01 12:15:13_Diarrhé.mp4,/data/konrad/datasets/videos/train/Diarrhé/clip_1371_6405_1_2022-03-01 12:15:13_Diarrhé.mp4,Diarrhé,5.0,6405,1,2022-03-01 12:15:13,/data/public/heureux_2022-02-16_2022-04-16/2022-02-28-2022-03-05/N862A6_ch1_main_20220301114107_20220301130000.mp4,6
clip_1381_6766_10_2022-03-01 18:20:48_Healthy.mp4,/data/konrad/datasets/videos/train/Healthy/clip_1381_6766_10_2022-03-01 18:20:48_Healthy.mp4,Healthy,5.0,6766,10,2022-03-01 18:20:48,/data/public/heureux_2022-02-16_2022-04-16/2022-02-28-2022-03-05/N862A6_ch10_main_20220301180009_20220301190009.mp4,2
"clip_1396_6786_2_2022-03-01 18:58:02_Diarrhé, Pneumonie.mp4","/data/konrad/datasets/videos/train/Diarrhé, Pneumonie/clip_1396_6786_2_2022-03-01 18:58:02_Diarrhé, Pneumonie.mp4","Diarrhé, Pneumonie",5.0,6786,2,2022-03-01 18:58:02,/data/public/heureux_2022-02-16_2022-04-16/2022-02-28-2022-03-05/N862A6_ch2_main_20220301180001_20220301190001.mp4,3
clip_1410_6794_2_2022-02-28 10:01:33_Pneumonie.mp4,/data/konrad/datasets/videos/train/Pneumonie/clip_1410_6794_2_2022-02-28 10:01:33_Pneumonie.mp4,Pneumonie,5.0,6794,2,2022-02-28 10:01:33,/data/public/heureux_2022-02-16_2022-04-16/2022-02-28-2022-03-05/N862A6_ch2_main_20220228100001_20220228110001.mp4,1
clip_1413_6791_2_2022-02-28 21:00:48_Unknown.mp4,/data/konrad/datasets/videos/train/Unknown/clip_1413_6791_2_2022-02-28 21:00:48_Unknown.mp4,Unknown,5.0,6791,2,2022-02-28 21:00:48,/data/public/heureux_2022-02-16_2022-04-16/2022-02-28-2022-03-05/N862A6_ch2_main_20220228210001_20220228213109.mp4,2
clip_1414_6791_2_2022-02-28 19:58:36_Unknown.mp4,/data/konrad/datasets/videos/train/Unknown/clip_1414_6791_2_2022-02-28 19:58:36_Unknown.mp4,Unknown,5.0,6791,2,2022-02-28 19:58:36,/data/public/heureux_2022-02-16_2022-04-16/2022-02-28-2022-03-05/N862A6_ch2_main_20220228190001_20220228200001.mp4,1
clip_1415_6791_2_2022-02-28 19:45:42_Unknown.mp4,/data/konrad/datasets/videos/train/Unknown/clip_1415_6791_2_2022-02-28 19:45:42_Unknown.mp4,Unknown,5.0,6791,2,2022-02-28 19:45:42,/data/public/heureux_2022-02-16_2022-04-16/2022-02-28-2022-03-05/N862A6_ch2_main_20220228190001_20220228200001.mp4,2
clip_1416_6791_2_2022-02-28 19:38:50_Unknown.mp4,/data/konrad/datasets/videos/train/Unknown/clip_1416_6791_2_2022-02-28 19:38:50_Unknown.mp4,Unknown,5.0,6791,2,2022-02-28 19:38:50,/data/public/heureux_2022-02-16_2022-04-16/2022-02-28-2022-03-05/N862A6_ch2_main_20220228190001_20220228200001.mp4,3
clip_1418_6791_2_2022-02-28 13:22:11_Unknown.mp4,/data/konrad/datasets/videos/train/Unknown/clip_1418_6791_2_2022-02-28 13:22:11_Unknown.mp4,Unknown,5.0,6791,2,2022-02-28 13:22:11,/data/public/heureux_2022-02-16_2022-04-16/2022-02-28-2022-03-05/N862A6_ch2_main_20220228130001_20220228140001.mp4,6
clip_1436_6780_2_2022-02-28 15:13:26_Unknown.mp4,/data/konrad/datasets/videos/train/Unknown/clip_1436_6780_2_2022-02-28 15:13:26_Unknown.mp4,Unknown,5.0,6780,2,2022-02-28 15:13:26,/data/public/heureux_2022-02-16_2022-04-16/2022-02-28-2022-03-05/N862A6_ch2_main_20220228150001_20220228160001.mp4,1
clip_1437_6780_2_2022-02-28 14:52:13_Unknown.mp4,/data/konrad/datasets/videos/train/Unknown/clip_1437_6780_2_2022-02-28 14:52:13_Unknown.mp4,Unknown,5.0,6780,2,2022-02-28 14:52:13,/data/public/heureux_2022-02-16_2022-04-16/2022-02-28-2022-03-05/N862A6_ch2_main_20220228140001_20220228150001.mp4,2
clip_1445_6780_2_2022-02-28 07:03:06_Unknown.mp4,/data/konrad/datasets/videos/train/Unknown/clip_1445_6780_2_2022-02-28 07:03:06_Unknown.mp4,Unknown,5.0,6780,2,2022-02-28 07:03:06,/data/public/heureux_2022-02-16_2022-04-16/2022-02-28-2022-03-05/N862A6_ch2_main_20220228070001_20220228080001.mp4,2
clip_1451_6783_2_2022-02-28 17:21:56_Unknown.mp4,/data/konrad/datasets/videos/train/Unknown/clip_1451_6783_2_2022-02-28 17:21:56_Unknown.mp4,Unknown,5.0,6783,2,2022-02-28 17:21:56,/data/public/heureux_2022-02-16_2022-04-16/2022-02-28-2022-03-05/N862A6_ch2_main_20220228170001_20220228180001.mp4,5
clip_1455_6797_1_2022-02-28 06:39:34_Diarrhé.mp4,/data/konrad/datasets/videos/train/Diarrhé/clip_1455_6797_1_2022-02-28 06:39:34_Diarrhé.mp4,Diarrhé,5.0,6797,1,2022-02-28 06:39:34,/data/public/heureux_2022-02-16_2022-04-16/2022-02-28-2022-03-05/N862A6_ch1_main_20220228060000_20220228070000.mp4,3
clip_1457_6778_2_2022-02-28 11:31:58_Unknown.mp4,/data/konrad/datasets/videos/train/Unknown/clip_1457_6778_2_2022-02-28 11:31:58_Unknown.mp4,Unknown,5.0,6778,2,2022-02-28 11:31:58,/data/public/heureux_2022-02-16_2022-04-16/2022-02-28-2022-03-05/N862A6_ch2_main_20220228110001_20220228120001.mp4,2
clip_1471_6391_2_2022-02-28 11:02:28_Unknown.mp4,/data/konrad/datasets/videos/train/Unknown/clip_1471_6391_2_2022-02-28 11:02:28_Unknown.mp4,Unknown,5.0,6391,2,2022-02-28 11:02:28,/data/public/heureux_2022-02-16_2022-04-16/2022-02-28-2022-03-05/N862A6_ch2_main_20220228110001_20220228120001.mp4,9
clip_1473_6799_1_2022-02-28 17:15:44_Diarrhé.mp4,/data/konrad/datasets/videos/train/Diarrhé/clip_1473_6799_1_2022-02-28 17:15:44_Diarrhé.mp4,Diarrhé,5.0,6799,1,2022-02-28 17:15:44,/data/public/heureux_2022-02-16_2022-04-16/2022-02-28-2022-03-05/N862A6_ch1_main_20220228170000_20220228180000.mp4,1
clip_1478_6787_2_2022-02-28 17:56:47_Unknown.mp4,/data/konrad/datasets/videos/train/Unknown/clip_1478_6787_2_2022-02-28 17:56:47_Unknown.mp4,Unknown,5.0,6787,2,2022-02-28 17:56:47,/data/public/heureux_2022-02-16_2022-04-16/2022-02-28-2022-03-05/N862A6_ch2_main_20220228170001_20220228180001.mp4,2
clip_1479_6787_2_2022-02-28 15:43:35_Unknown.mp4,/data/konrad/datasets/videos/train/Unknown/clip_1479_6787_2_2022-02-28 15:43:35_Unknown.mp4,Unknown,5.0,6787,2,2022-02-28 15:43:35,/data/public/heureux_2022-02-16_2022-04-16/2022-02-28-2022-03-05/N862A6_ch2_main_20220228150001_20220228160001.mp4,2
clip_1480_6787_2_2022-02-28 12:24:13_Unknown.mp4,/data/konrad/datasets/videos/train/Unknown/clip_1480_6787_2_2022-02-28 12:24:13_Unknown.mp4,Unknown,5.0,6787,2,2022-02-28 12:24:13,/data/public/heureux_2022-02-16_2022-04-16/2022-02-28-2022-03-05/N862A6_ch2_main_20220228120001_20220228130001.mp4,17
clip_1481_6787_2_2022-02-28 07:45:37_Unknown.mp4,/data/konrad/datasets/videos/train/Unknown/clip_1481_6787_2_2022-02-28 07:45:37_Unknown.mp4,Unknown,5.0,6787,2,2022-02-28 07:45:37,/data/public/heureux_2022-02-16_2022-04-16/2022-02-28-2022-03-05/N862A6_ch2_main_20220228070001_20220228080001.mp4,1
clip_1484_6403_2_2022-02-28 06:34:10_Unknown.mp4,/data/konrad/datasets/videos/train/Unknown/clip_1484_6403_2_2022-02-28 06:34:10_Unknown.mp4,Unknown,5.0,6403,2,2022-02-28 06:34:10,/data/public/heureux_2022-02-16_2022-04-16/2022-02-28-2022-03-05/N862A6_ch2_main_20220228060000_20220228070001.mp4,1
clip_1503_6370_10_2022-02-28 10:36:50_Unknown.mp4,/data/konrad/datasets/videos/train/Unknown/clip_1503_6370_10_2022-02-28 10:36:50_Unknown.mp4,Unknown,5.0,6370,10,2022-02-28 10:36:50,/data/public/heureux_2022-02-16_2022-04-16/2022-02-28-2022-03-05/N862A6_ch10_main_20220228100009_20220228110009.mp4,1
clip_1507_6773_2_2022-02-28 16:57:55_Healthy.mp4,/data/konrad/datasets/videos/train/Healthy/clip_1507_6773_2_2022-02-28 16:57:55_Healthy.mp4,Healthy,5.0,6773,2,2022-02-28 16:57:55,/data/public/heureux_2022-02-16_2022-04-16/2022-02-28-2022-03-05/N862A6_ch2_main_20220228160001_20220228170001.mp4,9
clip_1521_6787_2_2022-02-27 16:31:50_Unknown.mp4,/data/konrad/datasets/videos/train/Unknown/clip_1521_6787_2_2022-02-27 16:31:50_Unknown.mp4,Unknown,5.0,6787,2,2022-02-27 16:31:50,/data/public/heureux_2022-02-16_2022-04-16/2022-02-22-2022-02-27/N862A6_ch2_main_20220227160001_20220227170001.mp4,1
clip_1528_6780_2_2022-02-27 17:02:41_Pneumonie.mp4,/data/konrad/datasets/videos/train/Pneumonie/clip_1528_6780_2_2022-02-27 17:02:41_Pneumonie.mp4,Pneumonie,5.0,6780,2,2022-02-27 17:02:41,/data/public/heureux_2022-02-16_2022-04-16/2022-02-22-2022-02-27/N862A6_ch2_main_20220227170001_20220227180001.mp4,3
clip_1532_6780_2_2022-02-27 08:15:32_Pneumonie.mp4,/data/konrad/datasets/videos/train/Pneumonie/clip_1532_6780_2_2022-02-27 08:15:32_Pneumonie.mp4,Pneumonie,5.0,6780,2,2022-02-27 08:15:32,/data/public/heureux_2022-02-16_2022-04-16/2022-02-22-2022-02-27/N862A6_ch2_main_20220227080001_20220227090001.mp4,1
clip_1543_6773_2_2022-02-27 07:02:22_Healthy.mp4,/data/konrad/datasets/videos/train/Healthy/clip_1543_6773_2_2022-02-27 07:02:22_Healthy.mp4,Healthy,5.0,6773,2,2022-02-27 07:02:22,/data/public/heureux_2022-02-16_2022-04-16/2022-02-22-2022-02-27/N862A6_ch2_main_20220227070001_20220227080001.mp4,3
clip_1544_6773_2_2022-02-27 06:54:46_Healthy.mp4,/data/konrad/datasets/videos/train/Healthy/clip_1544_6773_2_2022-02-27 06:54:46_Healthy.mp4,Healthy,5.0,6773,2,2022-02-27 06:54:46,/data/public/heureux_2022-02-16_2022-04-16/2022-02-22-2022-02-27/N862A6_ch2_main_20220227060000_20220227070001.mp4,1
clip_1545_6773_2_2022-02-27 06:42:52_Healthy.mp4,/data/konrad/datasets/videos/train/Healthy/clip_1545_6773_2_2022-02-27 06:42:52_Healthy.mp4,Healthy,5.0,6773,2,2022-02-27 06:42:52,/data/public/heureux_2022-02-16_2022-04-16/2022-02-22-2022-02-27/N862A6_ch2_main_20220227060000_20220227070001.mp4,1
clip_1546_6746_10_2022-02-27 21:27:51_Unknown.mp4,/data/konrad/datasets/videos/train/Unknown/clip_1546_6746_10_2022-02-27 21:27:51_Unknown.mp4,Unknown,5.0,6746,10,2022-02-27 21:27:51,/data/public/heureux_2022-02-16_2022-04-16/2022-02-22-2022-02-27/N862A6_ch10_main_20220227210009_20220227220000.mp4,1
"clip_1548_6412_1_2022-02-27 14:03:19_Diarrhé, Pneumonie.mp4","/data/konrad/datasets/videos/train/Diarrhé, Pneumonie/clip_1548_6412_1_2022-02-27 14:03:19_Diarrhé, Pneumonie.mp4","Diarrhé, Pneumonie",5.0,6412,1,2022-02-27 14:03:19,/data/public/heureux_2022-02-16_2022-04-16/2022-02-22-2022-02-27/N862A6_ch1_main_20220227140000_20220227150000.mp4,2
"clip_1549_6412_1_2022-02-27 13:56:32_Diarrhé, Pneumonie.mp4","/data/konrad/datasets/videos/train/Diarrhé, Pneumonie/clip_1549_6412_1_2022-02-27 13:56:32_Diarrhé, Pneumonie.mp4","Diarrhé, Pneumonie",5.0,6412,1,2022-02-27 13:56:32,/data/public/heureux_2022-02-16_2022-04-16/2022-02-22-2022-02-27/N862A6_ch1_main_20220227130000_20220227140000.mp4,2
clip_1552_6791_2_2022-02-27 19:35:53_Diarrhé.mp4,/data/konrad/datasets/videos/train/Diarrhé/clip_1552_6791_2_2022-02-27 19:35:53_Diarrhé.mp4,Diarrhé,5.0,6791,2,2022-02-27 19:35:53,/data/public/heureux_2022-02-16_2022-04-16/2022-02-22-2022-02-27/N862A6_ch2_main_20220227190001_20220227200001.mp4,4
clip_1554_6791_2_2022-02-27 09:19:21_Diarrhé.mp4,/data/konrad/datasets/videos/train/Diarrhé/clip_1554_6791_2_2022-02-27 09:19:21_Diarrhé.mp4,Diarrhé,5.0,6791,2,2022-02-27 09:19:21,/data/public/heureux_2022-02-16_2022-04-16/2022-02-22-2022-02-27/N862A6_ch2_main_20220227090001_20220227100001.mp4,9
clip_1586_6403_2_2022-02-27 20:17:45_Diarrhé.mp4,/data/konrad/datasets/videos/train/Diarrhé/clip_1586_6403_2_2022-02-27 20:17:45_Diarrhé.mp4,Diarrhé,5.0,6403,2,2022-02-27 20:17:45,/data/public/heureux_2022-02-16_2022-04-16/2022-02-22-2022-02-27/N862A6_ch2_main_20220227200001_20220227210001.mp4,7
clip_1587_6403_2_2022-02-27 18:35:48_Diarrhé.mp4,/data/konrad/datasets/videos/train/Diarrhé/clip_1587_6403_2_2022-02-27 18:35:48_Diarrhé.mp4,Diarrhé,5.0,6403,2,2022-02-27 18:35:48,/data/public/heureux_2022-02-16_2022-04-16/2022-02-22-2022-02-27/N862A6_ch2_main_20220227180001_20220227190001.mp4,4
clip_1588_6403_2_2022-02-27 08:00:24_Diarrhé.mp4,/data/konrad/datasets/videos/train/Diarrhé/clip_1588_6403_2_2022-02-27 08:00:24_Diarrhé.mp4,Diarrhé,5.0,6403,2,2022-02-27 08:00:24,/data/public/heureux_2022-02-16_2022-04-16/2022-02-22-2022-02-27/N862A6_ch2_main_20220227080001_20220227090001.mp4,8
clip_1604_6768_2_2022-02-27 19:47:59_Pneumonie.mp4,/data/konrad/datasets/videos/train/Pneumonie/clip_1604_6768_2_2022-02-27 19:47:59_Pneumonie.mp4,Pneumonie,5.0,6768,2,2022-02-27 19:47:59,/data/public/heureux_2022-02-16_2022-04-16/2022-02-22-2022-02-27/N862A6_ch2_main_20220227190001_20220227200001.mp4,1
clip_1609_6391_2_2022-02-27 13:02:59_Unknown.mp4,/data/konrad/datasets/videos/train/Unknown/clip_1609_6391_2_2022-02-27 13:02:59_Unknown.mp4,Unknown,5.0,6391,2,2022-02-27 13:02:59,/data/public/heureux_2022-02-16_2022-04-16/2022-02-22-2022-02-27/N862A6_ch2_main_20220227130001_20220227140001.mp4,4
clip_1613_6771_2_2022-02-27 17:25:10_Unknown.mp4,/data/konrad/datasets/videos/train/Unknown/clip_1613_6771_2_2022-02-27 17:25:10_Unknown.mp4,Unknown,5.0,6771,2,2022-02-27 17:25:10,/data/public/heureux_2022-02-16_2022-04-16/2022-02-22-2022-02-27/N862A6_ch2_main_20220227170001_20220227180001.mp4,6
clip_1614_6771_2_2022-02-27 08:21:07_Unknown.mp4,/data/konrad/datasets/videos/train/Unknown/clip_1614_6771_2_2022-02-27 08:21:07_Unknown.mp4,Unknown,5.0,6771,2,2022-02-27 08:21:07,/data/public/heureux_2022-02-16_2022-04-16/2022-02-22-2022-02-27/N862A6_ch2_main_20220227080001_20220227090001.mp4,1
clip_1628_6780_2_2022-02-26 18:15:45_Diarrhé.mp4,/data/konrad/datasets/videos/train/Diarrhé/clip_1628_6780_2_2022-02-26 18:15:45_Diarrhé.mp4,Diarrhé,5.0,6780,2,2022-02-26 18:15:45,/data/public/heureux_2022-02-16_2022-04-16/2022-02-22-2022-02-27/N862A6_ch2_main_20220226180001_20220226190001.mp4,2
clip_1630_6780_2_2022-02-26 07:30:16_Diarrhé.mp4,/data/konrad/datasets/videos/train/Diarrhé/clip_1630_6780_2_2022-02-26 07:30:16_Diarrhé.mp4,Diarrhé,5.0,6780,2,2022-02-26 07:30:16,/data/public/heureux_2022-02-16_2022-04-16/2022-02-22-2022-02-27/N862A6_ch2_main_20220226070001_20220226080001.mp4,2
"clip_1650_6794_2_2022-02-26 20:28:18_Diarrhé, Pneumonie.mp4","/data/konrad/datasets/videos/train/Diarrhé, Pneumonie/clip_1650_6794_2_2022-02-26 20:28:18_Diarrhé, Pneumonie.mp4","Diarrhé, Pneumonie",5.0,6794,2,2022-02-26 20:28:18,/data/public/heureux_2022-02-16_2022-04-16/2022-02-22-2022-02-27/N862A6_ch2_main_20220226200001_20220226210001.mp4,1
clip_1659_6391_2_2022-02-26 16:23:29_Unknown.mp4,/data/konrad/datasets/videos/train/Unknown/clip_1659_6391_2_2022-02-26 16:23:29_Unknown.mp4,Unknown,5.0,6391,2,2022-02-26 16:23:29,/data/public/heureux_2022-02-16_2022-04-16/2022-02-22-2022-02-27/N862A6_ch2_main_20220226160001_20220226170001.mp4,9
clip_1661_6391_2_2022-02-26 11:41:31_Unknown.mp4,/data/konrad/datasets/videos/train/Unknown/clip_1661_6391_2_2022-02-26 11:41:31_Unknown.mp4,Unknown,5.0,6391,2,2022-02-26 11:41:31,/data/public/heureux_2022-02-16_2022-04-16/2022-02-22-2022-02-27/N862A6_ch2_main_20220226114106_20220226130001.mp4,2
clip_1663_6382_10_2022-02-26 18:46:36_Healthy.mp4,/data/konrad/datasets/videos/train/Healthy/clip_1663_6382_10_2022-02-26 18:46:36_Healthy.mp4,Healthy,5.0,6382,10,2022-02-26 18:46:36,/data/public/heureux_2022-02-16_2022-04-16/2022-02-22-2022-02-27/N862A6_ch10_main_20220226180009_20220226190009.mp4,1
clip_1667_6783_2_2022-02-26 11:12:36_Healthy.mp4,/data/konrad/datasets/videos/train/Healthy/clip_1667_6783_2_2022-02-26 11:12:36_Healthy.mp4,Healthy,5.0,6783,2,2022-02-26 11:12:36,/data/public/heureux_2022-02-16_2022-04-16/2022-02-22-2022-02-27/N862A6_ch2_main_20220226110001_20220226114103.mp4,7
clip_1669_6783_2_2022-02-26 09:21:22_Healthy.mp4,/data/konrad/datasets/videos/train/Healthy/clip_1669_6783_2_2022-02-26 09:21:22_Healthy.mp4,Healthy,5.0,6783,2,2022-02-26 09:21:22,/data/public/heureux_2022-02-16_2022-04-16/2022-02-22-2022-02-27/N862A6_ch2_main_20220226090001_20220226100001.mp4,2
clip_1670_6783_2_2022-02-26 09:14:51_Healthy.mp4,/data/konrad/datasets/videos/train/Healthy/clip_1670_6783_2_2022-02-26 09:14:51_Healthy.mp4,Healthy,5.0,6783,2,2022-02-26 09:14:51,/data/public/heureux_2022-02-16_2022-04-16/2022-02-22-2022-02-27/N862A6_ch2_main_20220226090001_20220226100001.mp4,1
clip_1671_6783_2_2022-02-26 08:58:36_Healthy.mp4,/data/konrad/datasets/videos/train/Healthy/clip_1671_6783_2_2022-02-26 08:58:36_Healthy.mp4,Healthy,5.0,6783,2,2022-02-26 08:58:36,/data/public/heureux_2022-02-16_2022-04-16/2022-02-22-2022-02-27/N862A6_ch2_main_20220226080001_20220226090001.mp4,3
clip_1705_6799_1_2022-02-26 08:09:16_Diarrhé.mp4,/data/konrad/datasets/videos/train/Diarrhé/clip_1705_6799_1_2022-02-26 08:09:16_Diarrhé.mp4,Diarrhé,5.0,6799,1,2022-02-26 08:09:16,/data/public/heureux_2022-02-16_2022-04-16/2022-02-22-2022-02-27/N862A6_ch1_main_20220226080000_20220226090000.mp4,1
clip_1708_6786_2_2022-02-26 14:22:22_Unknown.mp4,/data/konrad/datasets/videos/train/Unknown/clip_1708_6786_2_2022-02-26 14:22:22_Unknown.mp4,Unknown,5.0,6786,2,2022-02-26 14:22:22,/data/public/heureux_2022-02-16_2022-04-16/2022-02-22-2022-02-27/N862A6_ch2_main_20220226140001_20220226150001.mp4,2
"clip_1711_6787_2_2022-02-26 19:26:18_Diarrhé, Pneumonie.mp4","/data/konrad/datasets/videos/train/Diarrhé, Pneumonie/clip_1711_6787_2_2022-02-26 19:26:18_Diarrhé, Pneumonie.mp4","Diarrhé, Pneumonie",5.0,6787,2,2022-02-26 19:26:18,/data/public/heureux_2022-02-16_2022-04-16/2022-02-22-2022-02-27/N862A6_ch2_main_20220226190001_20220226200001.mp4,1
"clip_1713_6787_2_2022-02-26 07:03:53_Diarrhé, Pneumonie.mp4","/data/konrad/datasets/videos/train/Diarrhé, Pneumonie/clip_1713_6787_2_2022-02-26 07:03:53_Diarrhé, Pneumonie.mp4","Diarrhé, Pneumonie",5.0,6787,2,2022-02-26 07:03:53,/data/public/heureux_2022-02-16_2022-04-16/2022-02-22-2022-02-27/N862A6_ch2_main_20220226070001_20220226080001.mp4,1
clip_1722_6774_2_2022-02-26 08:44:15_Diarrhé.mp4,/data/konrad/datasets/videos/train/Diarrhé/clip_1722_6774_2_2022-02-26 08:44:15_Diarrhé.mp4,Diarrhé,5.0,6774,2,2022-02-26 08:44:15,/data/public/heureux_2022-02-16_2022-04-16/2022-02-22-2022-02-27/N862A6_ch2_main_20220226080001_20220226090001.mp4,9
clip_1742_6764_10_2022-03-11 17:15:40_Diarrhé.mp4,/data/konrad/datasets/videos/train/Diarrhé/clip_1742_6764_10_2022-03-11 17:15:40_Diarrhé.mp4,Diarrhé,5.0,6764,10,2022-03-11 17:15:40,/data/public/heureux_2022-02-16_2022-04-16/2022-03-06-2022-03-11/N862A6_ch10_main_20220311170009_20220311180009.mp4,3
clip_1768_6831_9_2022-03-11 19:22:55_Diarrhé.mp4,/data/konrad/datasets/videos/train/Diarrhé/clip_1768_6831_9_2022-03-11 19:22:55_Diarrhé.mp4,Diarrhé,5.0,6831,9,2022-03-11 19:22:55,/data/public/heureux_2022-02-16_2022-04-16/2022-03-06-2022-03-11/N862A6_ch9_main_20220311190008_20220311200008.mp4,4
clip_1792_6760_10_2022-03-11 20:03:54_Pneumonie.mp4,/data/konrad/datasets/videos/train/Pneumonie/clip_1792_6760_10_2022-03-11 20:03:54_Pneumonie.mp4,Pneumonie,5.0,6760,10,2022-03-11 20:03:54,/data/public/heureux_2022-02-16_2022-04-16/2022-03-06-2022-03-11/N862A6_ch10_main_20220311200009_20220311210009.mp4,1
clip_1821_6831_9_2022-03-10 19:19:53_Healthy.mp4,/data/konrad/datasets/videos/train/Healthy/clip_1821_6831_9_2022-03-10 19:19:53_Healthy.mp4,Healthy,5.0,6831,9,2022-03-10 19:19:53,/data/public/heureux_2022-02-16_2022-04-16/2022-03-06-2022-03-11/N862A6_ch9_main_20220310190008_20220310200008.mp4,1
clip_1931_6375_10_2022-03-08 21:37:21_Unknown.mp4,/data/konrad/datasets/videos/train/Unknown/clip_1931_6375_10_2022-03-08 21:37:21_Unknown.mp4,Unknown,5.0,6375,10,2022-03-08 21:37:21,/data/public/heureux_2022-02-16_2022-04-16/2022-03-06-2022-03-11/N862A6_ch10_main_20220308210009_20220308220000.mp4,1
clip_1933_6375_10_2022-03-08 07:28:38_Unknown.mp4,/data/konrad/datasets/videos/train/Unknown/clip_1933_6375_10_2022-03-08 07:28:38_Unknown.mp4,Unknown,5.0,6375,10,2022-03-08 07:28:38,/data/public/heureux_2022-02-16_2022-04-16/2022-03-06-2022-03-11/N862A6_ch10_main_20220308070009_20220308080009.mp4,2
clip_1997_6760_10_2022-03-07 11:19:38_Unknown.mp4,/data/konrad/datasets/videos/train/Unknown/clip_1997_6760_10_2022-03-07 11:19:38_Unknown.mp4,Unknown,5.0,6760,10,2022-03-07 11:19:38,/data/public/heureux_2022-02-16_2022-04-16/2022-03-06-2022-03-11/N862A6_ch10_main_20220307110009_20220307114112.mp4,3
clip_2116_6842_9_2022-03-18 19:31:49_Unknown.mp4,/data/konrad/datasets/videos/train/Unknown/clip_2116_6842_9_2022-03-18 19:31:49_Unknown.mp4,Unknown,5.0,6842,9,2022-03-18 19:31:49,/data/public/heureux_2022-02-16_2022-04-16/2022-03-18-2022-03-23/N862A6_ch9_main_20220318190008_20220318200008.mp4,4
clip_2169_6827_9_2022-03-18 21:55:36_Diarrhé.mp4,/data/konrad/datasets/videos/train/Diarrhé/clip_2169_6827_9_2022-03-18 21:55:36_Diarrhé.mp4,Diarrhé,5.0,6827,9,2022-03-18 21:55:36,/data/public/heureux_2022-02-16_2022-04-16/2022-03-18-2022-03-23/N862A6_ch9_main_20220318210008_20220318220000.mp4,1
"clip_2236_6832_9_2022-03-16 20:55:39_Diarrhé, Pneumonie.mp4","/data/konrad/datasets/videos/train/Diarrhé, Pneumonie/clip_2236_6832_9_2022-03-16 20:55:39_Diarrhé, Pneumonie.mp4","Diarrhé, Pneumonie",5.0,6832,9,2022-03-16 20:55:39,/data/public/heureux_2022-02-16_2022-04-16/2022-03-12-2022-03-17/N862A6_ch9_main_20220316200008_20220316210008.mp4,1
clip_2275_6388_10_2022-03-15 10:24:43_Unknown.mp4,/data/konrad/datasets/videos/train/Unknown/clip_2275_6388_10_2022-03-15 10:24:43_Unknown.mp4,Unknown,5.0,6388,10,2022-03-15 10:24:43,/data/public/heureux_2022-02-16_2022-04-16/2022-03-12-2022-03-17/N862A6_ch10_main_20220315100009_20220315110009.mp4,1
clip_2355_6829_9_2022-03-13 21:24:32_Unknown.mp4,/data/konrad/datasets/videos/train/Unknown/clip_2355_6829_9_2022-03-13 21:24:32_Unknown.mp4,Unknown,5.0,6829,9,2022-03-13 21:24:32,/data/public/heureux_2022-02-16_2022-04-16/2022-03-12-2022-03-17/N862A6_ch9_main_20220313210008_20220313220000.mp4,1
clip_2372_6766_10_2022-03-13 21:53:07_Pneumonie.mp4,/data/konrad/datasets/videos/train/Pneumonie/clip_2372_6766_10_2022-03-13 21:53:07_Pneumonie.mp4,Pneumonie,5.0,6766,10,2022-03-13 21:53:07,/data/public/heureux_2022-02-16_2022-04-16/2022-03-12-2022-03-17/N862A6_ch10_main_20220313210009_20220313220000.mp4,1
clip_2379_6834_9_2022-03-13 21:41:44_Pneumonie.mp4,/data/konrad/datasets/videos/train/Pneumonie/clip_2379_6834_9_2022-03-13 21:41:44_Pneumonie.mp4,Pneumonie,5.0,6834,9,2022-03-13 21:41:44,/data/public/heureux_2022-02-16_2022-04-16/2022-03-12-2022-03-17/N862A6_ch9_main_20220313210008_20220313220000.mp4,3
clip_2406_6432_9_2022-03-13 07:18:31_Unknown.mp4,/data/konrad/datasets/videos/train/Unknown/clip_2406_6432_9_2022-03-13 07:18:31_Unknown.mp4,Unknown,5.0,6432,9,2022-03-13 07:18:31,/data/public/heureux_2022-02-16_2022-04-16/2022-03-12-2022-03-17/N862A6_ch9_main_20220313070008_20220313080008.mp4,1
clip_2411_6746_10_2022-03-13 19:13:44_Pneumonie.mp4,/data/konrad/datasets/videos/train/Pneumonie/clip_2411_6746_10_2022-03-13 19:13:44_Pneumonie.mp4,Pneumonie,5.0,6746,10,2022-03-13 19:13:44,/data/public/heureux_2022-02-16_2022-04-16/2022-03-12-2022-03-17/N862A6_ch10_main_20220313190009_20220313200009.mp4,3
clip_2449_6393_10_2022-03-12 20:30:47_Unknown.mp4,/data/konrad/datasets/videos/train/Unknown/clip_2449_6393_10_2022-03-12 20:30:47_Unknown.mp4,Unknown,5.0,6393,10,2022-03-12 20:30:47,/data/public/heureux_2022-02-16_2022-04-16/2022-03-12-2022-03-17/N862A6_ch10_main_20220312200009_20220312210009.mp4,3
clip_2462_6764_10_2022-03-12 19:24:45_Pneumonie.mp4,/data/konrad/datasets/videos/train/Pneumonie/clip_2462_6764_10_2022-03-12 19:24:45_Pneumonie.mp4,Pneumonie,5.0,6764,10,2022-03-12 19:24:45,/data/public/heureux_2022-02-16_2022-04-16/2022-03-12-2022-03-17/N862A6_ch10_main_20220312190009_20220312200009.mp4,2
clip_2511_6849_10_2022-03-25 18:24:04_Diarrhé.mp4,/data/konrad/datasets/videos/train/Diarrhé/clip_2511_6849_10_2022-03-25 18:24:04_Diarrhé.mp4,Diarrhé,5.0,6849,10,2022-03-25 18:24:04,/data/public/heureux_2022-02-16_2022-04-16/2022-03-24-2022-03-29/N862A6_ch10_main_20220325180009_20220325190009.mp4,2
clip_2552_6842_9_2022-03-23 21:54:49_Unknown.mp4,/data/konrad/datasets/videos/train/Unknown/clip_2552_6842_9_2022-03-23 21:54:49_Unknown.mp4,Unknown,5.0,6842,9,2022-03-23 21:54:49,/data/public/heureux_2022-02-16_2022-04-16/2022-03-18-2022-03-23/N862A6_ch9_main_20220323210008_20220323220000.mp4,5
clip_2564_6426_9_2022-03-23 13:23:36_Unknown.mp4,/data/konrad/datasets/videos/train/Unknown/clip_2564_6426_9_2022-03-23 13:23:36_Unknown.mp4,Unknown,5.0,6426,9,2022-03-23 13:23:36,/data/public/heureux_2022-02-16_2022-04-16/2022-03-18-2022-03-23/N862A6_ch9_main_20220323124130_20220323140008.mp4,1
clip_2658_6842_9_2022-03-21 18:29:52_Pneumonie.mp4,/data/konrad/datasets/videos/train/Pneumonie/clip_2658_6842_9_2022-03-21 18:29:52_Pneumonie.mp4,Pneumonie,5.0,6842,9,2022-03-21 18:29:52,/data/public/heureux_2022-02-16_2022-04-16/2022-03-18-2022-03-23/N862A6_ch9_main_20220321180008_20220321190008.mp4,3
clip_2671_6831_9_2022-03-21 10:48:59_Unknown.mp4,/data/konrad/datasets/videos/train/Unknown/clip_2671_6831_9_2022-03-21 10:48:59_Unknown.mp4,Unknown,5.0,6831,9,2022-03-21 10:48:59,/data/public/heureux_2022-02-16_2022-04-16/2022-03-18-2022-03-23/N862A6_ch9_main_20220321100008_20220321110008.mp4,1
clip_2679_6432_9_2022-03-21 08:30:41_Healthy.mp4,/data/konrad/datasets/videos/train/Healthy/clip_2679_6432_9_2022-03-21 08:30:41_Healthy.mp4,Healthy,5.0,6432,9,2022-03-21 08:30:41,/data/public/heureux_2022-02-16_2022-04-16/2022-03-18-2022-03-23/N862A6_ch9_main_20220321080008_20220321090008.mp4,2
clip_2744_6831_9_2022-04-01 17:16:55_Pneumonie.mp4,/data/konrad/datasets/videos/train/Pneumonie/clip_2744_6831_9_2022-04-01 17:16:55_Pneumonie.mp4,Pneumonie,5.0,6831,9,2022-04-01 17:16:55,/data/public/heureux_2022-02-16_2022-04-16/2022-03-30-2022-04-04/N862A6_ch9_main_20220401170008_20220401180008.mp4,1
clip_2755_6831_9_2022-04-01 20:33:45_Pneumonie.mp4,/data/konrad/datasets/videos/train/Pneumonie/clip_2755_6831_9_2022-04-01 20:33:45_Pneumonie.mp4,Pneumonie,5.0,6831,9,2022-04-01 20:33:45,/data/public/heureux_2022-02-16_2022-04-16/2022-03-30-2022-04-04/N862A6_ch9_main_20220401200008_20220401210008.mp4,1
clip_2944_6827_9_2022-04-08 18:27:11_Unknown.mp4,/data/konrad/datasets/videos/train/Unknown/clip_2944_6827_9_2022-04-08 18:27:11_Unknown.mp4,Unknown,5.0,6827,9,2022-04-08 18:27:11,/data/public/heureux_2022-02-16_2022-04-16/2022-04-05-2022-04-10/N862A6_ch9_main_20220408180008_20220408190008.mp4,1
"clip_3077_6829_9_2022-04-06 19:59:05_Diarrhé, Pneumonie.mp4","/data/konrad/datasets/videos/train/Diarrhé, Pneumonie/clip_3077_6829_9_2022-04-06 19:59:05_Diarrhé, Pneumonie.mp4","Diarrhé, Pneumonie",5.0,6829,9,2022-04-06 19:59:05,/data/public/heureux_2022-02-16_2022-04-16/2022-04-05-2022-04-10/N862A6_ch9_main_20220406190008_20220406200008.mp4,1
"clip_3079_6829_9_2022-04-06 15:15:02_Diarrhé, Pneumonie.mp4","/data/konrad/datasets/videos/train/Diarrhé, Pneumonie/clip_3079_6829_9_2022-04-06 15:15:02_Diarrhé, Pneumonie.mp4","Diarrhé, Pneumonie",5.0,6829,9,2022-04-06 15:15:02,/data/public/heureux_2022-02-16_2022-04-16/2022-04-05-2022-04-10/N862A6_ch9_main_20220406150008_20220406160008.mp4,1
clip_3191_6420_9_2022-04-15 21:37:33_Healthy.mp4,/data/konrad/datasets/videos/train/Healthy/clip_3191_6420_9_2022-04-15 21:37:33_Healthy.mp4,Healthy,5.0,6420,9,2022-04-15 21:37:33,/data/public/heureux_2022-02-16_2022-04-16/2022-04-11-2022-04-16/N862A6_ch9_main_20220415210008_20220415220000.mp4,3
clip_3204_6832_9_2022-04-15 14:19:28_Healthy.mp4,/data/konrad/datasets/videos/train/Healthy/clip_3204_6832_9_2022-04-15 14:19:28_Healthy.mp4,Healthy,5.0,6832,9,2022-04-15 14:19:28,/data/public/heureux_2022-02-16_2022-04-16/2022-04-11-2022-04-16/N862A6_ch9_main_20220415140008_20220415150008.mp4,1
